evento,regla,edad,pension_quedarse_uf,pension_cambio_uf,cambio_pension_uf_mes,cambio_pension_clp_mes,cambio_saldo_clp,tasa_reemplazo_quedarse_pct,tasa_reemplazo_cambio_pct,cambio_tasa_reemplazo_pp,cambio_pension_pct
GFC 2008,piso,30,17.971,17.049,-0.9220000000000006,-37922.72668000003,-7499815.599599987,60.35139279230467,57.255071822158044,-3.0963209701466283,-5.133
GFC 2008,observable,30,17.971,19.828,1.8569999999999993,76380.15557999998,15101635.930400014,60.35139279230467,66.58769218662384,6.236299394319168,10.336
GFC 2008,piso,40,18.094,15.669,-2.4250000000000007,-99742.52950000003,-19719406.564200014,60.764459472703834,52.62066516402103,-8.143794308682807,-13.404
GFC 2008,observable,40,18.094,23.679,5.584999999999997,229716.2998999999,45406089.903599985,60.764459472703834,79.52037337538157,18.755913902677733,30.864
GFC 2008,piso,50,16.687,13.608,-3.0790000000000006,-126642.16426000003,-25036403.177999996,56.03937964082066,45.69927956806421,-10.34010007275645,-18.453
GFC 2008,observable,50,16.687,23.925,7.2379999999999995,297705.74371999997,58848503.71439999,56.03937964082066,80.34650673617992,24.307127095359256,43.374
GFC 2008,piso,60,22.813,19.237,-3.5760000000000005,-147084.24144000004,-29075872.795400016,76.61211528411587,64.60295716129123,-12.009158122824644,-15.676
GFC 2008,observable,60,22.813,29.918,7.105,292235.3287,57759356.4232,76.61211528411587,100.47259304213294,23.86047775801707,31.14
COVID 2020,piso,30,19.668,18.776,-0.8919999999999995,-36688.79847999998,-7251796.031399998,66.05036967553548,63.054796676217926,-2.9955729993175524,-4.535
COVID 2020,observable,30,19.668,18.776,-0.8919999999999995,-36688.79847999998,-7251796.031399998,66.05036967553548,63.054796676217926,-2.9955729993175524,-4.535
COVID 2020,piso,40,18.124,16.308,-1.815999999999999,-74693.78703999997,-14766418.769399991,60.865207443532896,54.766596942680124,-6.098610500852772,-10.021
COVID 2020,observable,40,18.124,16.308,-1.815999999999999,-74693.78703999997,-14766418.769399991,60.865207443532896,54.766596942680124,-6.098610500852772,-10.021
COVID 2020,piso,50,18.101,15.53,-2.5709999999999997,-105747.64674,-20899041.923400007,60.78796733256395,52.15386623251301,-8.634101100050941,-14.201
COVID 2020,observable,50,18.101,15.53,-2.5709999999999997,-105747.64674,-20899041.923400007,60.78796733256395,52.15386623251301,-8.634101100050941,-14.201
COVID 2020,piso,60,17.168,14.665,-2.503,-102950.74282000001,-20345419.471000005,57.65470543978001,49.248966406941626,-8.405739032838383,-14.576
COVID 2020,observable,60,17.168,14.665,-2.503,-102950.74282000001,-20345419.471000005,57.65470543978001,49.248966406941626,-8.405739032838383,-14.576
Inflación 2021-23,piso,30,19.956,19.104,-0.8520000000000003,-35043.56088000001,-6929740.771200001,67.01755019549451,64.15630782394905,-2.8612423715454582,-4.271
Inflación 2021-23,observable,30,19.956,20.94,0.9840000000000018,40472.844960000075,8001201.758200008,67.01755019549451,70.32208363868787,3.304533443193364,4.931
Inflación 2021-23,piso,40,18.999,17.168,-1.8309999999999995,-75310.75113999998,-14887755.042400002,63.80368992604731,57.65470543978001,-6.148984486267302,-9.638
Inflación 2021-23,observable,40,18.999,21.434,2.4350000000000023,100153.8389000001,19794676.184399992,63.80368992604731,71.98106689167317,8.177376965625854,12.814
Inflación 2021-23,piso,50,18.339,15.904,-2.4349999999999987,-100153.83889999996,-19793853.56560001,61.58723456780787,53.40985760218204,-8.177376965625825,-13.275
Inflación 2021-23,observable,50,18.339,21.669,3.330000000000002,136966.0302000001,27071973.398599986,61.58723456780787,72.77025932983418,11.183024762026307,18.157
Inflación 2021-23,piso,60,18.736,16.274,-2.4619999999999997,-101264.37427999999,-20022952.9014,62.920466048445846,54.652415909073845,-8.268050139372,-13.144
Inflación 2021-23,observable,60,18.736,21.825,3.0889999999999986,127053.47365999995,25107971.013599984,62.920466048445846,73.29414877814531,10.373682729699468,16.482
