evento,regla,fecha_cambio,edad_al_evento,fondo_al_evento,anios_hasta_jubilar,saldo_quedarse_uf,saldo_panico_uf,perdida_pct,pension_quedarse_uf,pension_panico_uf,perdida_pension_uf,efecto_saldo_uf,efecto_aporte_uf
GFC 2008,piso,2008-11-21,30,A,35,3552.39,3370.05,5.133,17.971,17.049,0.922,157.65,24.68
GFC 2008,observable,2008-01-22,30,A,35,3552.39,3919.55,-10.336,17.971,19.828,-1.857,-318.52,-48.65
GFC 2008,piso,2008-11-21,40,A,25,3576.8,3097.37,13.404,18.094,15.669,2.425,464.42,15.0
GFC 2008,observable,2008-01-22,40,A,25,3576.8,4680.74,-30.864,18.094,23.679,-5.585,-1074.37,-29.58
GFC 2008,piso,2008-11-21,50,A,15,3298.64,2689.94,18.453,16.687,13.608,3.079,600.16,8.54
GFC 2008,observable,2008-01-22,50,A,15,3298.64,4729.4,-43.374,16.687,23.925,-7.238,-1413.94,-16.83
GFC 2008,piso,2008-11-21,60,B,5,4509.64,3802.73,15.676,22.813,19.237,3.576,701.96,4.94
GFC 2008,observable,2008-01-22,60,B,5,4509.64,5913.92,-31.14,22.813,29.918,-7.104,-1394.93,-9.36
COVID 2020,piso,2020-03-20,30,A,35,3887.84,3711.53,4.535,19.668,18.776,0.892,157.01,19.3
COVID 2020,observable,2020-03-13,30,A,35,3887.84,3711.53,4.535,19.668,18.776,0.892,157.01,19.3
COVID 2020,piso,2020-03-20,40,A,25,3582.68,3223.67,10.021,18.124,16.308,1.816,346.91,12.1
COVID 2020,observable,2020-03-13,40,A,25,3582.68,3223.67,10.021,18.124,16.308,1.816,346.91,12.1
COVID 2020,piso,2020-03-20,50,A,15,3578.08,3069.97,14.201,18.101,15.53,2.57,500.73,7.39
COVID 2020,observable,2020-03-13,50,A,15,3578.08,3069.97,14.201,18.101,15.53,2.57,500.73,7.39
COVID 2020,piso,2020-03-20,60,B,5,3393.6,2898.95,14.576,17.168,14.665,2.502,490.96,3.7
COVID 2020,observable,2020-03-13,60,B,5,3393.6,2898.95,14.576,17.168,14.665,2.502,490.96,3.7
Inflación 2021-23,piso,2023-05-05,30,A,35,3944.77,3776.29,4.271,19.956,19.104,0.852,156.09,12.38
Inflación 2021-23,observable,2022-03-08,30,A,35,3944.77,4139.3,-4.931,19.956,20.94,-0.984,-165.73,-28.8
Inflación 2021-23,piso,2023-05-05,40,A,25,3755.69,3393.73,9.638,18.999,17.168,1.831,354.19,7.76
Inflación 2021-23,observable,2022-03-08,40,A,25,3755.69,4236.95,-12.814,18.999,21.434,-2.435,-463.22,-18.05
Inflación 2021-23,piso,2023-05-05,50,A,15,3625.13,3143.89,13.275,18.339,15.904,2.434,476.37,4.87
Inflación 2021-23,observable,2022-03-08,50,A,15,3625.13,4283.32,-18.157,18.339,21.669,-3.33,-646.89,-11.31
Inflación 2021-23,piso,2023-05-05,60,B,5,3703.71,3216.9,13.144,18.736,16.274,2.463,484.2,2.61
Inflación 2021-23,observable,2022-03-08,60,B,5,3703.71,4314.15,-16.482,18.736,21.825,-3.088,-605.1,-5.34
