scenario,from_fund,to_fund,entry_date,trough_date,return_date,exit_date,stay_growth_pct,panic_growth_pct,cost_of_panic_pct_pts
"pico 2007-10-31 -> piso 2008-11-21 (caida real 43.2%, lag 3m)",A,E,2007-10-31,2008-11-21,2009-02-21,2010-02-21,-13.35,-14.89,1.53
"pico 2007-10-31 -> piso 2008-11-21 (caida real 43.2%, lag 6m)",A,E,2007-10-31,2008-11-21,2009-05-21,2010-05-21,-13.51,-29.26,15.75
"pico 2007-10-31 -> piso 2008-11-21 (caida real 43.2%, lag 12m)",A,E,2007-10-31,2008-11-21,2009-11-21,2010-11-21,-2.2,-29.33,27.13
"pico 2007-10-31 -> piso 2008-11-21 (caida real 43.2%, lag 18m)",A,E,2007-10-31,2008-11-21,2010-05-21,2011-05-21,0.35,-26.25,26.6
"pico 2007-10-31 -> piso 2008-11-21 (caida real 43.2%, lag 24m)",A,E,2007-10-31,2008-11-21,2010-11-21,2011-11-21,-9.05,-39.41,30.36
"pico 2011-01-06 -> piso 2011-10-05 (caida real 17.3%, lag 3m)",A,E,2011-01-06,2011-10-05,2012-01-05,2013-01-05,-1.89,-9.27,7.38
"pico 2011-01-06 -> piso 2011-10-05 (caida real 17.3%, lag 6m)",A,E,2011-01-06,2011-10-05,2012-04-05,2013-04-05,-1.15,-13.21,12.06
"pico 2011-01-06 -> piso 2011-10-05 (caida real 17.3%, lag 12m)",A,E,2011-01-06,2011-10-05,2012-10-05,2013-10-05,0.46,-7.41,7.87
"pico 2011-01-06 -> piso 2011-10-05 (caida real 17.3%, lag 18m)",A,E,2011-01-06,2011-10-05,2013-04-05,2014-04-05,10.96,-0.64,11.6
"pico 2011-01-06 -> piso 2011-10-05 (caida real 17.3%, lag 24m)",A,E,2011-01-06,2011-10-05,2013-10-05,2014-10-05,18.2,8.07,10.13
"pico 2020-02-24 -> piso 2020-03-24 (caida real 26.5%, lag 3m)",A,E,2020-02-24,2020-03-24,2020-06-24,2021-06-24,8.05,-3.34,11.39
"pico 2020-02-24 -> piso 2020-03-24 (caida real 26.5%, lag 6m)",A,E,2020-02-24,2020-03-24,2020-09-24,2021-09-24,12.66,0.47,12.19
"pico 2020-02-24 -> piso 2020-03-24 (caida real 26.5%, lag 12m)",A,E,2020-02-24,2020-03-24,2021-03-24,2022-03-24,6.38,-15.12,21.51
"pico 2020-02-24 -> piso 2020-03-24 (caida real 26.5%, lag 18m)",A,E,2020-02-24,2020-03-24,2021-09-24,2022-09-24,10.37,-26.14,36.51
"pico 2020-02-24 -> piso 2020-03-24 (caida real 26.5%, lag 24m)",A,E,2020-02-24,2020-03-24,2022-03-24,2023-03-24,2.99,-22.3,25.28
