episode,peak_date,trough_date,switch_date,return_date,drawdown_at_switch_pct,share_of_fall_elapsed,return_lag_months,stay_growth_pct,switch_growth_pct,cost_of_switching_pct_pts
2007-10-31 → 2008-11-21 (43.2%),2007-10-31,2008-11-21,2007-11-07,2008-02-07,-1.625,0.0376,3,-7.5192,8.4676,-15.9868
2007-10-31 → 2008-11-21 (43.2%),2007-10-31,2008-11-21,2007-11-07,2008-05-07,-1.625,0.0376,6,-7.5192,3.3818,-10.901
2007-10-31 → 2008-11-21 (43.2%),2007-10-31,2008-11-21,2007-11-07,2008-11-07,-1.625,0.0376,12,-7.5192,56.6144,-64.1336
2007-10-31 → 2008-11-21 (43.2%),2007-10-31,2008-11-21,2007-11-07,2009-05-07,-1.625,0.0376,18,-7.5192,48.5546,-56.0738
2007-10-31 → 2008-11-21 (43.2%),2007-10-31,2008-11-21,2007-11-07,2009-11-07,-1.625,0.0376,24,-7.5192,26.8422,-34.3614
2007-10-31 → 2008-11-21 (43.2%),2007-10-31,2008-11-21,2007-11-14,2008-02-14,-4.279,0.099,3,-7.5192,4.3264,-11.8455
2007-10-31 → 2008-11-21 (43.2%),2007-10-31,2008-11-21,2007-11-14,2008-05-14,-4.279,0.099,6,-7.5192,0.2626,-7.7818
2007-10-31 → 2008-11-21 (43.2%),2007-10-31,2008-11-21,2007-11-14,2008-11-14,-4.279,0.099,12,-7.5192,56.8977,-64.4169
2007-10-31 → 2008-11-21 (43.2%),2007-10-31,2008-11-21,2007-11-14,2009-05-14,-4.279,0.099,18,-7.5192,42.5113,-50.0305
2007-10-31 → 2008-11-21 (43.2%),2007-10-31,2008-11-21,2007-11-14,2009-11-14,-4.279,0.099,24,-7.5192,22.0827,-29.6019
2007-10-31 → 2008-11-21 (43.2%),2007-10-31,2008-11-21,2007-11-21,2008-02-21,-5.37,0.1242,3,-7.5192,1.8727,-9.3919
2007-10-31 → 2008-11-21 (43.2%),2007-10-31,2008-11-21,2007-11-21,2008-05-21,-5.37,0.1242,6,-7.5192,-3.9273,-3.5918
2007-10-31 → 2008-11-21 (43.2%),2007-10-31,2008-11-21,2007-11-21,2008-11-21,-5.37,0.1242,12,-7.5192,66.9759,-74.4951
2007-10-31 → 2008-11-21 (43.2%),2007-10-31,2008-11-21,2007-11-21,2009-05-21,-5.37,0.1242,18,-7.5192,36.5614,-44.0806
2007-10-31 → 2008-11-21 (43.2%),2007-10-31,2008-11-21,2007-11-21,2009-11-21,-5.37,0.1242,24,-7.5192,20.6553,-28.1745
2007-10-31 → 2008-11-21 (43.2%),2007-10-31,2008-11-21,2007-11-28,2008-02-28,-7.025,0.1625,3,-7.5192,-2.0659,-5.4533
2007-10-31 → 2008-11-21 (43.2%),2007-10-31,2008-11-21,2007-11-28,2008-05-28,-7.025,0.1625,6,-7.5192,-4.4506,-3.0686
2007-10-31 → 2008-11-21 (43.2%),2007-10-31,2008-11-21,2007-11-28,2008-11-28,-7.025,0.1625,12,-7.5192,54.0212,-61.5404
2007-10-31 → 2008-11-21 (43.2%),2007-10-31,2008-11-21,2007-11-28,2009-05-28,-7.025,0.1625,18,-7.5192,31.797,-39.3162
2007-10-31 → 2008-11-21 (43.2%),2007-10-31,2008-11-21,2007-11-28,2009-11-28,-7.025,0.1625,24,-7.5192,18.6887,-26.2079
2007-10-31 → 2008-11-21 (43.2%),2007-10-31,2008-11-21,2007-12-05,2008-03-05,-4.566,0.1056,3,-7.5192,4.3588,-11.8779
2007-10-31 → 2008-11-21 (43.2%),2007-10-31,2008-11-21,2007-12-05,2008-06-05,-4.566,0.1056,6,-7.5192,-2.177,-5.3422
2007-10-31 → 2008-11-21 (43.2%),2007-10-31,2008-11-21,2007-12-05,2008-12-05,-4.566,0.1056,12,-7.5192,63.273,-70.7922
2007-10-31 → 2008-11-21 (43.2%),2007-10-31,2008-11-21,2007-12-05,2009-06-05,-4.566,0.1056,18,-7.5192,31.1226,-38.6418
2007-10-31 → 2008-11-21 (43.2%),2007-10-31,2008-11-21,2007-12-05,2009-12-05,-4.566,0.1056,24,-7.5192,18.6101,-26.1293
2007-10-31 → 2008-11-21 (43.2%),2007-10-31,2008-11-21,2007-12-12,2008-03-12,-3.525,0.0815,3,-7.5192,8.0226,-15.5418
2007-10-31 → 2008-11-21 (43.2%),2007-10-31,2008-11-21,2007-12-12,2008-06-12,-3.525,0.0815,6,-7.5192,1.6317,-9.1509
2007-10-31 → 2008-11-21 (43.2%),2007-10-31,2008-11-21,2007-12-12,2008-12-12,-3.525,0.0815,12,-7.5192,57.1866,-64.7058
2007-10-31 → 2008-11-21 (43.2%),2007-10-31,2008-11-21,2007-12-12,2009-06-12,-3.525,0.0815,18,-7.5192,31.4735,-38.9927
2007-10-31 → 2008-11-21 (43.2%),2007-10-31,2008-11-21,2007-12-12,2009-12-12,-3.525,0.0815,24,-7.5192,21.5178,-29.037
2007-10-31 → 2008-11-21 (43.2%),2007-10-31,2008-11-21,2007-12-19,2008-03-19,-8.328,0.1926,3,-7.5192,4.3863,-11.9055
2007-10-31 → 2008-11-21 (43.2%),2007-10-31,2008-11-21,2007-12-19,2008-06-19,-8.328,0.1926,6,-7.5192,-4.0453,-3.4739
2007-10-31 → 2008-11-21 (43.2%),2007-10-31,2008-11-21,2007-12-19,2008-12-19,-8.328,0.1926,12,-7.5192,48.0884,-55.6076
2007-10-31 → 2008-11-21 (43.2%),2007-10-31,2008-11-21,2007-12-19,2009-06-19,-8.328,0.1926,18,-7.5192,31.4237,-38.9429
2007-10-31 → 2008-11-21 (43.2%),2007-10-31,2008-11-21,2007-12-19,2009-12-19,-8.328,0.1926,24,-7.5192,15.1461,-22.6653
2007-10-31 → 2008-11-21 (43.2%),2007-10-31,2008-11-21,2007-12-26,2008-03-26,-6.543,0.1513,3,-7.5192,4.1087,-11.6279
2007-10-31 → 2008-11-21 (43.2%),2007-10-31,2008-11-21,2007-12-26,2008-06-26,-6.543,0.1513,6,-7.5192,-1.9973,-5.5219
2007-10-31 → 2008-11-21 (43.2%),2007-10-31,2008-11-21,2007-12-26,2008-12-26,-6.543,0.1513,12,-7.5192,53.983,-61.5021
2007-10-31 → 2008-11-21 (43.2%),2007-10-31,2008-11-21,2007-12-26,2009-06-26,-6.543,0.1513,18,-7.5192,33.8344,-41.3536
2007-10-31 → 2008-11-21 (43.2%),2007-10-31,2008-11-21,2007-12-26,2009-12-26,-6.543,0.1513,24,-7.5192,16.1895,-23.7087
2007-10-31 → 2008-11-21 (43.2%),2007-10-31,2008-11-21,2008-01-02,2008-04-02,-5.704,0.1319,3,-7.5192,3.9601,-11.4793
2007-10-31 → 2008-11-21 (43.2%),2007-10-31,2008-11-21,2008-01-02,2008-07-02,-5.704,0.1319,6,-7.5192,-0.0264,-7.4928
2007-10-31 → 2008-11-21 (43.2%),2007-10-31,2008-11-21,2008-01-02,2009-01-02,-5.704,0.1319,12,-7.5192,52.4852,-60.0044
2007-10-31 → 2008-11-21 (43.2%),2007-10-31,2008-11-21,2008-01-02,2009-07-02,-5.704,0.1319,18,-7.5192,32.545,-40.0642
2007-10-31 → 2008-11-21 (43.2%),2007-10-31,2008-11-21,2008-01-02,2010-01-02,-5.704,0.1319,24,-7.5192,15.968,-23.4872
2007-10-31 → 2008-11-21 (43.2%),2007-10-31,2008-11-21,2008-01-09,2008-04-09,-8.514,0.1969,3,-7.5192,-0.7586,-6.7606
2007-10-31 → 2008-11-21 (43.2%),2007-10-31,2008-11-21,2008-01-09,2008-07-09,-8.514,0.1969,6,-7.5192,1.2237,-8.7429
2007-10-31 → 2008-11-21 (43.2%),2007-10-31,2008-11-21,2008-01-09,2009-01-09,-8.514,0.1969,12,-7.5192,45.4683,-52.9875
2007-10-31 → 2008-11-21 (43.2%),2007-10-31,2008-11-21,2008-01-09,2009-07-09,-8.514,0.1969,18,-7.5192,31.996,-39.5152
2007-10-31 → 2008-11-21 (43.2%),2007-10-31,2008-11-21,2008-01-09,2010-01-09,-8.514,0.1969,24,-7.5192,10.6712,-18.1904
2007-10-31 → 2008-11-21 (43.2%),2007-10-31,2008-11-21,2008-01-16,2008-04-16,-10.814,0.2501,3,-7.5192,-3.4914,-4.0278
2007-10-31 → 2008-11-21 (43.2%),2007-10-31,2008-11-21,2008-01-16,2008-07-16,-10.814,0.2501,6,-7.5192,-0.5733,-6.9459
2007-10-31 → 2008-11-21 (43.2%),2007-10-31,2008-11-21,2008-01-16,2009-01-16,-10.814,0.2501,12,-7.5192,49.8739,-57.393
2007-10-31 → 2008-11-21 (43.2%),2007-10-31,2008-11-21,2008-01-16,2009-07-16,-10.814,0.2501,18,-7.5192,27.6832,-35.2024
2007-10-31 → 2008-11-21 (43.2%),2007-10-31,2008-11-21,2008-01-16,2010-01-16,-10.814,0.2501,24,-7.5192,7.7841,-15.3033
2007-10-31 → 2008-11-21 (43.2%),2007-10-31,2008-11-21,2008-01-23,2008-04-23,-17.041,0.3941,3,-7.5192,-12.7354,5.2162
2007-10-31 → 2008-11-21 (43.2%),2007-10-31,2008-11-21,2008-01-23,2008-07-23,-17.041,0.3941,6,-7.5192,-7.8156,0.2964
2007-10-31 → 2008-11-21 (43.2%),2007-10-31,2008-11-21,2008-01-23,2009-01-23,-17.041,0.3941,12,-7.5192,40.1057,-47.6249
2007-10-31 → 2008-11-21 (43.2%),2007-10-31,2008-11-21,2008-01-23,2009-07-23,-17.041,0.3941,18,-7.5192,13.5833,-21.1024
2007-10-31 → 2008-11-21 (43.2%),2007-10-31,2008-11-21,2008-01-23,2010-01-23,-17.041,0.3941,24,-7.5192,1.6883,-9.2075
2007-10-31 → 2008-11-21 (43.2%),2007-10-31,2008-11-21,2008-01-30,2008-04-30,-14.471,0.3347,3,-7.5192,-9.8394,2.3202
2007-10-31 → 2008-11-21 (43.2%),2007-10-31,2008-11-21,2008-01-30,2008-07-30,-14.471,0.3347,6,-7.5192,-4.2542,-3.265
2007-10-31 → 2008-11-21 (43.2%),2007-10-31,2008-11-21,2008-01-30,2009-01-30,-14.471,0.3347,12,-7.5192,41.952,-49.4712
2007-10-31 → 2008-11-21 (43.2%),2007-10-31,2008-11-21,2008-01-30,2009-07-30,-14.471,0.3347,18,-7.5192,14.8505,-22.3697
2007-10-31 → 2008-11-21 (43.2%),2007-10-31,2008-11-21,2008-01-30,2010-01-30,-14.471,0.3347,24,-7.5192,6.0256,-13.5448
2007-10-31 → 2008-11-21 (43.2%),2007-10-31,2008-11-21,2008-02-06,2008-05-06,-13.343,0.3086,3,-7.5192,-10.8313,3.3121
2007-10-31 → 2008-11-21 (43.2%),2007-10-31,2008-11-21,2008-02-06,2008-08-06,-13.343,0.3086,6,-7.5192,-3.6231,-3.8961
2007-10-31 → 2008-11-21 (43.2%),2007-10-31,2008-11-21,2008-02-06,2009-02-06,-13.343,0.3086,12,-7.5192,42.3526,-49.8718
2007-10-31 → 2008-11-21 (43.2%),2007-10-31,2008-11-21,2008-02-06,2009-08-06,-13.343,0.3086,18,-7.5192,12.7929,-20.3121
2007-10-31 → 2008-11-21 (43.2%),2007-10-31,2008-11-21,2008-02-06,2010-02-06,-13.343,0.3086,24,-7.5192,6.8599,-14.3791
2007-10-31 → 2008-11-21 (43.2%),2007-10-31,2008-11-21,2008-02-13,2008-05-13,-13.824,0.3197,3,-7.5192,-11.5869,4.0677
2007-10-31 → 2008-11-21 (43.2%),2007-10-31,2008-11-21,2008-02-13,2008-08-13,-13.824,0.3197,6,-7.5192,-3.1585,-4.3607
2007-10-31 → 2008-11-21 (43.2%),2007-10-31,2008-11-21,2008-02-13,2009-02-13,-13.824,0.3197,12,-7.5192,42.4399,-49.9591
2007-10-31 → 2008-11-21 (43.2%),2007-10-31,2008-11-21,2008-02-13,2009-08-13,-13.824,0.3197,18,-7.5192,12.679,-20.1982
2007-10-31 → 2008-11-21 (43.2%),2007-10-31,2008-11-21,2008-02-13,2010-02-13,-13.824,0.3197,24,-7.5192,7.4372,-14.9564
2007-10-31 → 2008-11-21 (43.2%),2007-10-31,2008-11-21,2008-02-20,2008-05-20,-11.865,0.2744,3,-7.5192,-12.6164,5.0972
2007-10-31 → 2008-11-21 (43.2%),2007-10-31,2008-11-21,2008-02-20,2008-08-20,-11.865,0.2744,6,-7.5192,1.2303,-8.7495
2007-10-31 → 2008-11-21 (43.2%),2007-10-31,2008-11-21,2008-02-20,2009-02-20,-11.865,0.2744,12,-7.5192,49.1889,-56.7081
2007-10-31 → 2008-11-21 (43.2%),2007-10-31,2008-11-21,2008-02-20,2009-08-20,-11.865,0.2744,18,-7.5192,15.6914,-23.2106
2007-10-31 → 2008-11-21 (43.2%),2007-10-31,2008-11-21,2008-02-20,2010-02-20,-11.865,0.2744,24,-7.5192,8.0144,-15.5336
2007-10-31 → 2008-11-21 (43.2%),2007-10-31,2008-11-21,2008-02-27,2008-05-27,-10.368,0.2398,3,-7.5192,-10.0021,2.4829
2007-10-31 → 2008-11-21 (43.2%),2007-10-31,2008-11-21,2008-02-27,2008-08-27,-10.368,0.2398,6,-7.5192,3.0698,-10.589
2007-10-31 → 2008-11-21 (43.2%),2007-10-31,2008-11-21,2008-02-27,2009-02-27,-10.368,0.2398,12,-7.5192,55.8934,-63.4125
2007-10-31 → 2008-11-21 (43.2%),2007-10-31,2008-11-21,2008-02-27,2009-08-27,-10.368,0.2398,18,-7.5192,15.7199,-23.239
2007-10-31 → 2008-11-21 (43.2%),2007-10-31,2008-11-21,2008-02-27,2010-02-27,-10.368,0.2398,24,-7.5192,11.6055,-19.1247
2007-10-31 → 2008-11-21 (43.2%),2007-10-31,2008-11-21,2008-03-05,2008-06-05,-13.067,0.3022,3,-7.5192,-13.311,5.7918
2007-10-31 → 2008-11-21 (43.2%),2007-10-31,2008-11-21,2008-03-05,2008-09-05,-13.067,0.3022,6,-7.5192,2.9721,-10.4913
2007-10-31 → 2008-11-21 (43.2%),2007-10-31,2008-11-21,2008-03-05,2009-03-05,-13.067,0.3022,12,-7.5192,53.2122,-60.7314
2007-10-31 → 2008-11-21 (43.2%),2007-10-31,2008-11-21,2008-03-05,2009-09-05,-13.067,0.3022,18,-7.5192,13.4388,-20.958
2007-10-31 → 2008-11-21 (43.2%),2007-10-31,2008-11-21,2008-03-05,2010-03-05,-13.067,0.3022,24,-7.5192,6.9353,-14.4545
2007-10-31 → 2008-11-21 (43.2%),2007-10-31,2008-11-21,2008-03-12,2008-06-12,-14.886,0.3443,3,-7.5192,-12.9906,5.4714
2007-10-31 → 2008-11-21 (43.2%),2007-10-31,2008-11-21,2008-03-12,2008-09-12,-14.886,0.3443,6,-7.5192,3.6247,-11.1439
2007-10-31 → 2008-11-21 (43.2%),2007-10-31,2008-11-21,2008-03-12,2009-03-12,-14.886,0.3443,12,-7.5192,47.8889,-55.4081
2007-10-31 → 2008-11-21 (43.2%),2007-10-31,2008-11-21,2008-03-12,2009-09-12,-14.886,0.3443,18,-7.5192,7.166,-14.6852
2007-10-31 → 2008-11-21 (43.2%),2007-10-31,2008-11-21,2008-03-12,2010-03-12,-14.886,0.3443,24,-7.5192,1.8122,-9.3314
2007-10-31 → 2008-11-21 (43.2%),2007-10-31,2008-11-21,2008-03-19,2008-06-19,-15.674,0.3625,3,-7.5192,-14.9891,7.47
2007-10-31 → 2008-11-21 (43.2%),2007-10-31,2008-11-21,2008-03-19,2008-09-19,-15.674,0.3625,6,-7.5192,3.9249,-11.4441
2007-10-31 → 2008-11-21 (43.2%),2007-10-31,2008-11-21,2008-03-19,2009-03-19,-15.674,0.3625,12,-7.5192,39.9255,-47.4447
2007-10-31 → 2008-11-21 (43.2%),2007-10-31,2008-11-21,2008-03-19,2009-09-19,-15.674,0.3625,18,-7.5192,4.1759,-11.6951
2007-10-31 → 2008-11-21 (43.2%),2007-10-31,2008-11-21,2008-03-19,2010-03-19,-15.674,0.3625,24,-7.5192,-0.49,-7.0292
2007-10-31 → 2008-11-21 (43.2%),2007-10-31,2008-11-21,2008-03-26,2008-06-26,-14.022,0.3243,3,-7.5192,-12.9432,5.424
2007-10-31 → 2008-11-21 (43.2%),2007-10-31,2008-11-21,2008-03-26,2008-09-26,-14.022,0.3243,6,-7.5192,4.8966,-12.4158
2007-10-31 → 2008-11-21 (43.2%),2007-10-31,2008-11-21,2008-03-26,2009-03-26,-14.022,0.3243,12,-7.5192,38.8103,-46.3295
2007-10-31 → 2008-11-21 (43.2%),2007-10-31,2008-11-21,2008-03-26,2009-09-26,-14.022,0.3243,18,-7.5192,6.9015,-14.4207
2007-10-31 → 2008-11-21 (43.2%),2007-10-31,2008-11-21,2008-03-26,2010-03-26,-14.022,0.3243,24,-7.5192,1.9217,-9.4409
2007-10-31 → 2008-11-21 (43.2%),2007-10-31,2008-11-21,2008-04-02,2008-07-02,-13.309,0.3078,3,-7.5192,-11.0655,3.5463
2007-10-31 → 2008-11-21 (43.2%),2007-10-31,2008-11-21,2008-04-02,2008-10-02,-13.309,0.3078,6,-7.5192,8.7625,-16.2817
2007-10-31 → 2008-11-21 (43.2%),2007-10-31,2008-11-21,2008-04-02,2009-04-02,-13.309,0.3078,12,-7.5192,40.8959,-48.4151
2007-10-31 → 2008-11-21 (43.2%),2007-10-31,2008-11-21,2008-04-02,2009-10-02,-13.309,0.3078,18,-7.5192,7.2552,-14.7744
2007-10-31 → 2008-11-21 (43.2%),2007-10-31,2008-11-21,2008-04-02,2010-04-02,-13.309,0.3078,24,-7.5192,2.5413,-10.0605
2007-10-31 → 2008-11-21 (43.2%),2007-10-31,2008-11-21,2008-04-09,2008-07-09,-11.883,0.2748,3,-7.5192,-5.672,-1.8472
2007-10-31 → 2008-11-21 (43.2%),2007-10-31,2008-11-21,2008-04-09,2008-10-09,-11.883,0.2748,6,-7.5192,29.7514,-37.2706
2007-10-31 → 2008-11-21 (43.2%),2007-10-31,2008-11-21,2008-04-09,2009-04-09,-11.883,0.2748,12,-7.5192,39.1122,-46.6314
2007-10-31 → 2008-11-21 (43.2%),2007-10-31,2008-11-21,2008-04-09,2009-10-09,-11.883,0.2748,18,-7.5192,6.5492,-14.0684
2007-10-31 → 2008-11-21 (43.2%),2007-10-31,2008-11-21,2008-04-09,2010-04-09,-11.883,0.2748,24,-7.5192,2.9953,-10.5145
2007-10-31 → 2008-11-21 (43.2%),2007-10-31,2008-11-21,2008-04-16,2008-07-16,-11.222,0.2595,3,-7.5192,-4.7229,-2.7963
2007-10-31 → 2008-11-21 (43.2%),2007-10-31,2008-11-21,2008-04-16,2008-10-16,-11.222,0.2595,6,-7.5192,28.9167,-36.4359
2007-10-31 → 2008-11-21 (43.2%),2007-10-31,2008-11-21,2008-04-16,2009-04-16,-11.222,0.2595,12,-7.5192,35.8072,-43.3264
2007-10-31 → 2008-11-21 (43.2%),2007-10-31,2008-11-21,2008-04-16,2009-10-16,-11.222,0.2595,18,-7.5192,4.6624,-12.1816
2007-10-31 → 2008-11-21 (43.2%),2007-10-31,2008-11-21,2008-04-16,2010-04-16,-11.222,0.2595,24,-7.5192,2.2524,-9.7716
2007-10-31 → 2008-11-21 (43.2%),2007-10-31,2008-11-21,2008-04-23,2008-07-23,-8.932,0.2066,3,-7.5192,-2.3054,-5.2138
2007-10-31 → 2008-11-21 (43.2%),2007-10-31,2008-11-21,2008-04-23,2008-10-23,-8.932,0.2066,6,-7.5192,39.8813,-47.4005
2007-10-31 → 2008-11-21 (43.2%),2007-10-31,2008-11-21,2008-04-23,2009-04-23,-8.932,0.2066,12,-7.5192,39.7736,-47.2928
2007-10-31 → 2008-11-21 (43.2%),2007-10-31,2008-11-21,2008-04-23,2009-10-23,-8.932,0.2066,18,-7.5192,8.9372,-16.4564
2007-10-31 → 2008-11-21 (43.2%),2007-10-31,2008-11-21,2008-04-23,2010-04-23,-8.932,0.2066,24,-7.5192,6.4538,-13.973
2007-10-31 → 2008-11-21 (43.2%),2007-10-31,2008-11-21,2008-04-30,2008-07-30,-9.395,0.2173,3,-7.5192,-1.7903,-5.7289
2007-10-31 → 2008-11-21 (43.2%),2007-10-31,2008-11-21,2008-04-30,2008-10-30,-9.395,0.2173,6,-7.5192,43.4109,-50.9301
2007-10-31 → 2008-11-21 (43.2%),2007-10-31,2008-11-21,2008-04-30,2009-04-30,-9.395,0.2173,12,-7.5192,36.6968,-44.216
2007-10-31 → 2008-11-21 (43.2%),2007-10-31,2008-11-21,2008-04-30,2009-10-30,-9.395,0.2173,18,-7.5192,11.4778,-18.997
2007-10-31 → 2008-11-21 (43.2%),2007-10-31,2008-11-21,2008-04-30,2010-04-30,-9.395,0.2173,24,-7.5192,6.3456,-13.8648
2007-10-31 → 2008-11-21 (43.2%),2007-10-31,2008-11-21,2008-05-07,2008-08-07,-7.463,0.1726,3,-7.5192,-0.0973,-7.4219
2007-10-31 → 2008-11-21 (43.2%),2007-10-31,2008-11-21,2008-05-07,2008-11-07,-7.463,0.1726,6,-7.5192,40.1003,-47.6195
2007-10-31 → 2008-11-21 (43.2%),2007-10-31,2008-11-21,2008-05-07,2009-05-07,-7.463,0.1726,12,-7.5192,32.8904,-40.4096
2007-10-31 → 2008-11-21 (43.2%),2007-10-31,2008-11-21,2008-05-07,2009-11-07,-7.463,0.1726,18,-7.5192,13.4674,-20.9866
2007-10-31 → 2008-11-21 (43.2%),2007-10-31,2008-11-21,2008-05-07,2010-05-07,-7.463,0.1726,24,-7.5192,13.5778,-21.097
2007-10-31 → 2008-11-21 (43.2%),2007-10-31,2008-11-21,2008-05-14,2008-08-14,-8.296,0.1919,3,-7.5192,2.2034,-9.7226
2007-10-31 → 2008-11-21 (43.2%),2007-10-31,2008-11-21,2008-05-14,2008-11-14,-8.296,0.1919,6,-7.5192,44.7202,-52.2394
2007-10-31 → 2008-11-21 (43.2%),2007-10-31,2008-11-21,2008-05-14,2009-05-14,-8.296,0.1919,12,-7.5192,31.4504,-38.9696
2007-10-31 → 2008-11-21 (43.2%),2007-10-31,2008-11-21,2008-05-14,2009-11-14,-8.296,0.1919,18,-7.5192,12.6074,-20.1266
2007-10-31 → 2008-11-21 (43.2%),2007-10-31,2008-11-21,2008-05-14,2010-05-14,-8.296,0.1919,24,-7.5192,11.2657,-18.7849
2007-10-31 → 2008-11-21 (43.2%),2007-10-31,2008-11-21,2008-05-21,2008-08-21,-6.048,0.1399,3,-7.5192,6.8524,-14.3716
2007-10-31 → 2008-11-21 (43.2%),2007-10-31,2008-11-21,2008-05-21,2008-11-21,-6.048,0.1399,6,-7.5192,60.7332,-68.2524
2007-10-31 → 2008-11-21 (43.2%),2007-10-31,2008-11-21,2008-05-21,2009-05-21,-6.048,0.1399,12,-7.5192,31.4558,-38.975
2007-10-31 → 2008-11-21 (43.2%),2007-10-31,2008-11-21,2008-05-21,2009-11-21,-6.048,0.1399,18,-7.5192,16.1444,-23.6636
2007-10-31 → 2008-11-21 (43.2%),2007-10-31,2008-11-21,2008-05-21,2010-05-21,-6.048,0.1399,24,-7.5192,18.1215,-25.6407
2007-10-31 → 2008-11-21 (43.2%),2007-10-31,2008-11-21,2008-05-28,2008-08-28,-6.679,0.1545,3,-7.5192,5.8558,-13.375
2007-10-31 → 2008-11-21 (43.2%),2007-10-31,2008-11-21,2008-05-28,2008-11-28,-6.679,0.1545,6,-7.5192,49.0748,-56.594
2007-10-31 → 2008-11-21 (43.2%),2007-10-31,2008-11-21,2008-05-28,2009-05-28,-6.679,0.1545,12,-7.5192,27.5643,-35.0835
2007-10-31 → 2008-11-21 (43.2%),2007-10-31,2008-11-21,2008-05-28,2009-11-28,-6.679,0.1545,18,-7.5192,14.877,-22.3962
2007-10-31 → 2008-11-21 (43.2%),2007-10-31,2008-11-21,2008-05-28,2010-05-28,-6.679,0.1545,24,-7.5192,19.1344,-26.6536
2007-10-31 → 2008-11-21 (43.2%),2007-10-31,2008-11-21,2008-06-04,2008-09-04,-6.033,0.1395,3,-7.5192,8.5176,-16.0368
2007-10-31 → 2008-11-21 (43.2%),2007-10-31,2008-11-21,2008-06-04,2008-12-04,-6.033,0.1395,6,-7.5192,54.6564,-62.1756
2007-10-31 → 2008-11-21 (43.2%),2007-10-31,2008-11-21,2008-06-04,2009-06-04,-6.033,0.1395,12,-7.5192,24.6414,-32.1606
2007-10-31 → 2008-11-21 (43.2%),2007-10-31,2008-11-21,2008-06-04,2009-12-04,-6.033,0.1395,18,-7.5192,12.787,-20.3062
2007-10-31 → 2008-11-21 (43.2%),2007-10-31,2008-11-21,2008-06-04,2010-06-04,-6.033,0.1395,24,-7.5192,18.0027,-25.5219
2007-10-31 → 2008-11-21 (43.2%),2007-10-31,2008-11-21,2008-06-11,2008-09-11,-8.431,0.195,3,-7.5192,10.1841,-17.7033
2007-10-31 → 2008-11-21 (43.2%),2007-10-31,2008-11-21,2008-06-11,2008-12-11,-8.431,0.195,6,-7.5192,44.3526,-51.8718
2007-10-31 → 2008-11-21 (43.2%),2007-10-31,2008-11-21,2008-06-11,2009-06-11,-8.431,0.195,12,-7.5192,20.7349,-28.2541
2007-10-31 → 2008-11-21 (43.2%),2007-10-31,2008-11-21,2008-06-11,2009-12-11,-8.431,0.195,18,-7.5192,11.1385,-18.6577
2007-10-31 → 2008-11-21 (43.2%),2007-10-31,2008-11-21,2008-06-11,2010-06-11,-8.431,0.195,24,-7.5192,15.3814,-22.9006
2007-10-31 → 2008-11-21 (43.2%),2007-10-31,2008-11-21,2008-06-18,2008-09-18,-7.899,0.1827,3,-7.5192,13.3789,-20.8981
2007-10-31 → 2008-11-21 (43.2%),2007-10-31,2008-11-21,2008-06-18,2008-12-18,-7.899,0.1827,6,-7.5192,42.8583,-50.3775
2007-10-31 → 2008-11-21 (43.2%),2007-10-31,2008-11-21,2008-06-18,2009-06-18,-7.899,0.1827,12,-7.5192,26.3341,-33.8532
2007-10-31 → 2008-11-21 (43.2%),2007-10-31,2008-11-21,2008-06-18,2009-12-18,-7.899,0.1827,18,-7.5192,11.2935,-18.8126
2007-10-31 → 2008-11-21 (43.2%),2007-10-31,2008-11-21,2008-06-18,2010-06-18,-7.899,0.1827,24,-7.5192,13.1497,-20.6689
2007-10-31 → 2008-11-21 (43.2%),2007-10-31,2008-11-21,2008-06-25,2008-09-25,-9.087,0.2101,3,-7.5192,11.2251,-18.7443
2007-10-31 → 2008-11-21 (43.2%),2007-10-31,2008-11-21,2008-06-25,2008-12-25,-9.087,0.2101,6,-7.5192,44.487,-52.0062
2007-10-31 → 2008-11-21 (43.2%),2007-10-31,2008-11-21,2008-06-25,2009-06-25,-9.087,0.2101,12,-7.5192,26.2801,-33.7993
2007-10-31 → 2008-11-21 (43.2%),2007-10-31,2008-11-21,2008-06-25,2009-12-25,-9.087,0.2101,18,-7.5192,8.8584,-16.3776
2007-10-31 → 2008-11-21 (43.2%),2007-10-31,2008-11-21,2008-06-25,2010-06-25,-9.087,0.2101,24,-7.5192,11.0202,-18.5394
2007-10-31 → 2008-11-21 (43.2%),2007-10-31,2008-11-21,2008-07-02,2008-10-02,-9.355,0.2163,3,-7.5192,13.0995,-20.6187
2007-10-31 → 2008-11-21 (43.2%),2007-10-31,2008-11-21,2008-07-02,2009-01-02,-9.355,0.2163,6,-7.5192,41.0568,-48.576
2007-10-31 → 2008-11-21 (43.2%),2007-10-31,2008-11-21,2008-07-02,2009-07-02,-9.355,0.2163,12,-7.5192,22.6111,-30.1302
2007-10-31 → 2008-11-21 (43.2%),2007-10-31,2008-11-21,2008-07-02,2010-01-02,-9.355,0.2163,18,-7.5192,7.2765,-14.7957
2007-10-31 → 2008-11-21 (43.2%),2007-10-31,2008-11-21,2008-07-02,2010-07-02,-9.355,0.2163,24,-7.5192,13.1463,-20.6655
2007-10-31 → 2008-11-21 (43.2%),2007-10-31,2008-11-21,2008-07-09,2008-10-09,-12.977,0.3001,3,-7.5192,27.2105,-34.7297
2007-10-31 → 2008-11-21 (43.2%),2007-10-31,2008-11-21,2008-07-09,2009-01-09,-12.977,0.3001,6,-7.5192,32.9039,-40.4231
2007-10-31 → 2008-11-21 (43.2%),2007-10-31,2008-11-21,2008-07-09,2009-07-09,-12.977,0.3001,12,-7.5192,20.5952,-28.1144
2007-10-31 → 2008-11-21 (43.2%),2007-10-31,2008-11-21,2008-07-09,2010-01-09,-12.977,0.3001,18,-7.5192,1.1123,-8.6315
2007-10-31 → 2008-11-21 (43.2%),2007-10-31,2008-11-21,2008-07-09,2010-07-09,-12.977,0.3001,24,-7.5192,6.1327,-13.6519
2007-10-31 → 2008-11-21 (43.2%),2007-10-31,2008-11-21,2008-07-16,2008-10-16,-13.105,0.3031,3,-7.5192,25.1331,-32.6523
2007-10-31 → 2008-11-21 (43.2%),2007-10-31,2008-11-21,2008-07-16,2009-01-16,-13.105,0.3031,6,-7.5192,39.4038,-46.923
2007-10-31 → 2008-11-21 (43.2%),2007-10-31,2008-11-21,2008-07-16,2009-07-16,-13.105,0.3031,12,-7.5192,18.7633,-26.2825
2007-10-31 → 2008-11-21 (43.2%),2007-10-31,2008-11-21,2008-07-16,2010-01-16,-13.105,0.3031,18,-7.5192,0.2544,-7.7736
2007-10-31 → 2008-11-21 (43.2%),2007-10-31,2008-11-21,2008-07-16,2010-07-16,-13.105,0.3031,24,-7.5192,4.248,-11.7672
2007-10-31 → 2008-11-21 (43.2%),2007-10-31,2008-11-21,2008-07-23,2008-10-23,-12.865,0.2975,3,-7.5192,32.4161,-39.9353
2007-10-31 → 2008-11-21 (43.2%),2007-10-31,2008-11-21,2008-07-23,2009-01-23,-12.865,0.2975,6,-7.5192,40.5562,-48.0754
2007-10-31 → 2008-11-21 (43.2%),2007-10-31,2008-11-21,2008-07-23,2009-07-23,-12.865,0.2975,12,-7.5192,13.9485,-21.4677
2007-10-31 → 2008-11-21 (43.2%),2007-10-31,2008-11-21,2008-07-23,2010-01-23,-12.865,0.2975,18,-7.5192,2.0153,-9.5345
2007-10-31 → 2008-11-21 (43.2%),2007-10-31,2008-11-21,2008-07-23,2010-07-23,-12.865,0.2975,24,-7.5192,4.1322,-11.6514
2007-10-31 → 2008-11-21 (43.2%),2007-10-31,2008-11-21,2008-07-30,2008-10-30,-13.367,0.3091,3,-7.5192,35.0453,-42.5644
2007-10-31 → 2008-11-21 (43.2%),2007-10-31,2008-11-21,2008-07-30,2009-01-30,-13.367,0.3091,6,-7.5192,37.1114,-44.6306
2007-10-31 → 2008-11-21 (43.2%),2007-10-31,2008-11-21,2008-07-30,2009-07-30,-13.367,0.3091,12,-7.5192,10.934,-18.4532
2007-10-31 → 2008-11-21 (43.2%),2007-10-31,2008-11-21,2008-07-30,2010-01-30,-13.367,0.3091,18,-7.5192,2.4101,-9.9293
2007-10-31 → 2008-11-21 (43.2%),2007-10-31,2008-11-21,2008-07-30,2010-07-30,-13.367,0.3091,24,-7.5192,1.866,-9.3852
2007-10-31 → 2008-11-21 (43.2%),2007-10-31,2008-11-21,2008-08-06,2008-11-06,-12.918,0.2988,3,-7.5192,24.6395,-32.1587
2007-10-31 → 2008-11-21 (43.2%),2007-10-31,2008-11-21,2008-08-06,2009-02-06,-12.918,0.2988,6,-7.5192,36.5979,-44.1171
2007-10-31 → 2008-11-21 (43.2%),2007-10-31,2008-11-21,2008-08-06,2009-08-06,-12.918,0.2988,12,-7.5192,8.2331,-15.7523
2007-10-31 → 2008-11-21 (43.2%),2007-10-31,2008-11-21,2008-08-06,2010-02-06,-12.918,0.2988,18,-7.5192,2.5399,-10.0591
2007-10-31 → 2008-11-21 (43.2%),2007-10-31,2008-11-21,2008-08-06,2010-08-06,-12.918,0.2988,24,-7.5192,0.9136,-8.4328
2007-10-31 → 2008-11-21 (43.2%),2007-10-31,2008-11-21,2008-08-13,2008-11-13,-13.873,0.3208,3,-7.5192,30.9967,-38.5158
2007-10-31 → 2008-11-21 (43.2%),2007-10-31,2008-11-21,2008-08-13,2009-02-13,-13.873,0.3208,6,-7.5192,36.026,-43.5452
2007-10-31 → 2008-11-21 (43.2%),2007-10-31,2008-11-21,2008-08-13,2009-08-13,-13.873,0.3208,12,-7.5192,7.6052,-15.1244
2007-10-31 → 2008-11-21 (43.2%),2007-10-31,2008-11-21,2008-08-13,2010-02-13,-13.873,0.3208,18,-7.5192,2.5994,-10.1186
2007-10-31 → 2008-11-21 (43.2%),2007-10-31,2008-11-21,2008-08-13,2010-08-13,-13.873,0.3208,24,-7.5192,2.9801,-10.4993
2007-10-31 → 2008-11-21 (43.2%),2007-10-31,2008-11-21,2008-08-20,2008-11-20,-15.751,0.3643,3,-7.5192,34.2269,-41.7461
2007-10-31 → 2008-11-21 (43.2%),2007-10-31,2008-11-21,2008-08-20,2009-02-20,-15.751,0.3643,6,-7.5192,36.2942,-43.8134
2007-10-31 → 2008-11-21 (43.2%),2007-10-31,2008-11-21,2008-08-20,2009-08-20,-15.751,0.3643,12,-7.5192,5.692,-13.2112
2007-10-31 → 2008-11-21 (43.2%),2007-10-31,2008-11-21,2008-08-20,2010-02-20,-15.751,0.3643,18,-7.5192,-1.3215,-6.1977
2007-10-31 → 2008-11-21 (43.2%),2007-10-31,2008-11-21,2008-08-20,2010-08-20,-15.751,0.3643,24,-7.5192,-0.2894,-7.2298
2007-10-31 → 2008-11-21 (43.2%),2007-10-31,2008-11-21,2008-08-27,2008-11-27,-15.678,0.3626,3,-7.5192,31.2671,-38.7863
2007-10-31 → 2008-11-21 (43.2%),2007-10-31,2008-11-21,2008-08-27,2009-02-27,-15.678,0.3626,6,-7.5192,39.8774,-47.3966
2007-10-31 → 2008-11-21 (43.2%),2007-10-31,2008-11-21,2008-08-27,2009-08-27,-15.678,0.3626,12,-7.5192,3.8312,-11.3504
2007-10-31 → 2008-11-21 (43.2%),2007-10-31,2008-11-21,2008-08-27,2010-02-27,-15.678,0.3626,18,-7.5192,0.1395,-7.6587
2007-10-31 → 2008-11-21 (43.2%),2007-10-31,2008-11-21,2008-08-27,2010-08-27,-15.678,0.3626,24,-7.5192,1.5193,-9.0385
2007-10-31 → 2008-11-21 (43.2%),2007-10-31,2008-11-21,2008-09-03,2008-12-03,-16.037,0.3709,3,-7.5192,33.3992,-40.9184
2007-10-31 → 2008-11-21 (43.2%),2007-10-31,2008-11-21,2008-09-03,2009-03-03,-16.037,0.3709,6,-7.5192,43.2199,-50.7391
2007-10-31 → 2008-11-21 (43.2%),2007-10-31,2008-11-21,2008-09-03,2009-09-03,-16.037,0.3709,12,-7.5192,5.2352,-12.7544
2007-10-31 → 2008-11-21 (43.2%),2007-10-31,2008-11-21,2008-09-03,2010-03-03,-16.037,0.3709,18,-7.5192,-1.8086,-5.7106
2007-10-31 → 2008-11-21 (43.2%),2007-10-31,2008-11-21,2008-09-03,2010-09-03,-16.037,0.3709,24,-7.5192,-0.8007,-6.7185
2007-10-31 → 2008-11-21 (43.2%),2007-10-31,2008-11-21,2008-09-10,2008-12-10,-19.622,0.4538,3,-7.5192,24.2646,-31.7838
2007-10-31 → 2008-11-21 (43.2%),2007-10-31,2008-11-21,2008-09-10,2009-03-10,-19.622,0.4538,6,-7.5192,37.7916,-45.3108
2007-10-31 → 2008-11-21 (43.2%),2007-10-31,2008-11-21,2008-09-10,2009-09-10,-19.622,0.4538,12,-7.5192,-2.2841,-5.2351
2007-10-31 → 2008-11-21 (43.2%),2007-10-31,2008-11-21,2008-09-10,2010-03-10,-19.622,0.4538,18,-7.5192,-6.655,-0.8642
2007-10-31 → 2008-11-21 (43.2%),2007-10-31,2008-11-21,2008-09-10,2010-09-10,-19.622,0.4538,24,-7.5192,-6.2855,-1.2337
2007-10-31 → 2008-11-21 (43.2%),2007-10-31,2008-11-21,2008-09-17,2008-12-17,-22.696,0.5249,3,-7.5192,17.7805,-25.2997
2007-10-31 → 2008-11-21 (43.2%),2007-10-31,2008-11-21,2008-09-17,2009-03-17,-22.696,0.5249,6,-7.5192,26.7021,-34.2213
2007-10-31 → 2008-11-21 (43.2%),2007-10-31,2008-11-21,2008-09-17,2009-09-17,-22.696,0.5249,12,-7.5192,-7.2958,-0.2234
2007-10-31 → 2008-11-21 (43.2%),2007-10-31,2008-11-21,2008-09-17,2010-03-17,-22.696,0.5249,18,-7.5192,-11.0327,3.5135
2007-10-31 → 2008-11-21 (43.2%),2007-10-31,2008-11-21,2008-09-17,2010-09-17,-22.696,0.5249,24,-7.5192,-11.4796,3.9604
2007-10-31 → 2008-11-21 (43.2%),2007-10-31,2008-11-21,2008-09-24,2008-12-24,-21.702,0.5019,3,-7.5192,20.686,-28.2051
2007-10-31 → 2008-11-21 (43.2%),2007-10-31,2008-11-21,2008-09-24,2009-03-24,-21.702,0.5019,6,-7.5192,22.3301,-29.8493
2007-10-31 → 2008-11-21 (43.2%),2007-10-31,2008-11-21,2008-09-24,2009-09-24,-21.702,0.5019,12,-7.5192,-6.3577,-1.1615
2007-10-31 → 2008-11-21 (43.2%),2007-10-31,2008-11-21,2008-09-24,2010-03-24,-21.702,0.5019,18,-7.5192,-10.6458,3.1266
2007-10-31 → 2008-11-21 (43.2%),2007-10-31,2008-11-21,2008-09-24,2010-09-24,-21.702,0.5019,24,-7.5192,-10.4666,2.9474
2007-10-31 → 2008-11-21 (43.2%),2007-10-31,2008-11-21,2008-10-01,2009-01-01,-24.548,0.5677,3,-7.5192,14.9935,-22.5127
2007-10-31 → 2008-11-21 (43.2%),2007-10-31,2008-11-21,2008-10-01,2009-04-01,-24.548,0.5677,6,-7.5192,19.5258,-27.0449
2007-10-31 → 2008-11-21 (43.2%),2007-10-31,2008-11-21,2008-10-01,2009-10-01,-24.548,0.5677,12,-7.5192,-10.2132,2.694
2007-10-31 → 2008-11-21 (43.2%),2007-10-31,2008-11-21,2008-10-01,2010-04-01,-24.548,0.5677,18,-7.5192,-13.6749,6.1557
2007-10-31 → 2008-11-21 (43.2%),2007-10-31,2008-11-21,2008-10-01,2010-10-01,-24.548,0.5677,24,-7.5192,-15.3426,7.8235
2007-10-31 → 2008-11-21 (43.2%),2007-10-31,2008-11-21,2008-10-08,2009-01-08,-32.241,0.7456,3,-7.5192,-0.9095,-6.6097
2007-10-31 → 2008-11-21 (43.2%),2007-10-31,2008-11-21,2008-10-08,2009-04-08,-32.241,0.7456,6,-7.5192,3.3191,-10.8383
2007-10-31 → 2008-11-21 (43.2%),2007-10-31,2008-11-21,2008-10-08,2009-10-08,-32.241,0.7456,12,-7.5192,-20.4633,12.9441
2007-10-31 → 2008-11-21 (43.2%),2007-10-31,2008-11-21,2008-10-08,2010-04-08,-32.241,0.7456,18,-7.5192,-23.7136,16.1944
2007-10-31 → 2008-11-21 (43.2%),2007-10-31,2008-11-21,2008-10-08,2010-10-08,-32.241,0.7456,24,-7.5192,-25.2475,17.7283
2007-10-31 → 2008-11-21 (43.2%),2007-10-31,2008-11-21,2008-10-15,2009-01-15,-32.302,0.747,3,-7.5192,5.2103,-12.7295
2007-10-31 → 2008-11-21 (43.2%),2007-10-31,2008-11-21,2008-10-15,2009-04-15,-32.302,0.747,6,-7.5192,0.5035,-8.0227
2007-10-31 → 2008-11-21 (43.2%),2007-10-31,2008-11-21,2008-10-15,2009-10-15,-32.302,0.747,12,-7.5192,-22.5427,15.0235
2007-10-31 → 2008-11-21 (43.2%),2007-10-31,2008-11-21,2008-10-15,2010-04-15,-32.302,0.747,18,-7.5192,-24.0625,16.5433
2007-10-31 → 2008-11-21 (43.2%),2007-10-31,2008-11-21,2008-10-15,2010-10-15,-32.302,0.747,24,-7.5192,-26.406,18.8868
2007-10-31 → 2008-11-21 (43.2%),2007-10-31,2008-11-21,2008-10-22,2009-01-22,-35.365,0.8179,3,-7.5192,2.4037,-9.9229
2007-10-31 → 2008-11-21 (43.2%),2007-10-31,2008-11-21,2008-10-22,2009-04-22,-35.365,0.8179,6,-7.5192,-3.2593,-4.2598
2007-10-31 → 2008-11-21 (43.2%),2007-10-31,2008-11-21,2008-10-22,2009-10-22,-35.365,0.8179,12,-7.5192,-25.2328,17.7136
2007-10-31 → 2008-11-21 (43.2%),2007-10-31,2008-11-21,2008-10-22,2010-04-22,-35.365,0.8179,18,-7.5192,-26.937,19.4178
2007-10-31 → 2008-11-21 (43.2%),2007-10-31,2008-11-21,2008-10-22,2010-10-22,-35.365,0.8179,24,-7.5192,-29.5035,21.9843
2007-10-31 → 2008-11-21 (43.2%),2007-10-31,2008-11-21,2008-10-29,2009-01-29,-41.613,0.9624,3,-7.5192,-9.3768,1.8576
2007-10-31 → 2008-11-21 (43.2%),2007-10-31,2008-11-21,2008-10-29,2009-04-29,-41.613,0.9624,6,-7.5192,-13.0515,5.5324
2007-10-31 → 2008-11-21 (43.2%),2007-10-31,2008-11-21,2008-10-29,2009-10-29,-41.613,0.9624,12,-7.5192,-29.6261,22.1069
2007-10-31 → 2008-11-21 (43.2%),2007-10-31,2008-11-21,2008-10-29,2010-04-29,-41.613,0.9624,18,-7.5192,-32.9839,25.4648
2007-10-31 → 2008-11-21 (43.2%),2007-10-31,2008-11-21,2008-10-29,2010-10-29,-41.613,0.9624,24,-7.5192,-36.7542,29.235
2007-10-31 → 2008-11-21 (43.2%),2007-10-31,2008-11-21,2008-11-05,2009-02-05,-34.347,0.7943,3,-7.5192,2.4371,-9.9563
2007-10-31 → 2008-11-21 (43.2%),2007-10-31,2008-11-21,2008-11-05,2009-05-05,-34.347,0.7943,6,-7.5192,-6.6481,-0.8711
2007-10-31 → 2008-11-21 (43.2%),2007-10-31,2008-11-21,2008-11-05,2009-11-05,-34.347,0.7943,12,-7.5192,-21.5866,14.0674
2007-10-31 → 2008-11-21 (43.2%),2007-10-31,2008-11-21,2008-11-05,2010-05-05,-34.347,0.7943,18,-7.5192,-24.1843,16.6651
2007-10-31 → 2008-11-21 (43.2%),2007-10-31,2008-11-21,2008-11-05,2010-11-05,-34.347,0.7943,24,-7.5192,-30.438,22.9188
2007-10-31 → 2008-11-21 (43.2%),2007-10-31,2008-11-21,2008-11-12,2009-02-12,-37.251,0.8615,3,-7.5192,-2.7529,-4.7663
2007-10-31 → 2008-11-21 (43.2%),2007-10-31,2008-11-21,2008-11-12,2009-05-12,-37.251,0.8615,6,-7.5192,-14.1709,6.6518
2007-10-31 → 2008-11-21 (43.2%),2007-10-31,2008-11-21,2008-11-12,2009-11-12,-37.251,0.8615,12,-7.5192,-26.2042,18.685
2007-10-31 → 2008-11-21 (43.2%),2007-10-31,2008-11-21,2008-11-12,2010-05-12,-37.251,0.8615,18,-7.5192,-26.2029,18.6837
2007-10-31 → 2008-11-21 (43.2%),2007-10-31,2008-11-21,2008-11-12,2010-11-12,-37.251,0.8615,24,-7.5192,-32.7862,25.267
2007-10-31 → 2008-11-21 (43.2%),2007-10-31,2008-11-21,2008-11-19,2009-02-19,-40.185,0.9293,3,-7.5192,-3.8847,-3.6345
2007-10-31 → 2008-11-21 (43.2%),2007-10-31,2008-11-21,2008-11-19,2009-05-19,-40.185,0.9293,6,-7.5192,-19.1255,11.6063
2007-10-31 → 2008-11-21 (43.2%),2007-10-31,2008-11-21,2008-11-19,2009-11-19,-40.185,0.9293,12,-7.5192,-30.021,22.5018
2007-10-31 → 2008-11-21 (43.2%),2007-10-31,2008-11-21,2008-11-19,2010-05-19,-40.185,0.9293,18,-7.5192,-29.1424,21.6232
2007-10-31 → 2008-11-21 (43.2%),2007-10-31,2008-11-21,2008-11-19,2010-11-19,-40.185,0.9293,24,-7.5192,-35.1026,27.5834
2011-01-06 → 2011-10-05 (17.3%),2011-01-06,2011-10-05,2011-01-13,2011-04-13,-0.35,0.0202,3,4.0549,8.8924,-4.8375
2011-01-06 → 2011-10-05 (17.3%),2011-01-06,2011-10-05,2011-01-13,2011-07-13,-0.35,0.0202,6,4.0549,11.8108,-7.7559
2011-01-06 → 2011-10-05 (17.3%),2011-01-06,2011-10-05,2011-01-13,2012-01-13,-0.35,0.0202,12,4.0549,26.714,-22.6591
2011-01-06 → 2011-10-05 (17.3%),2011-01-06,2011-10-05,2011-01-13,2012-07-13,-0.35,0.0202,18,4.0549,29.4705,-25.4156
2011-01-06 → 2011-10-05 (17.3%),2011-01-06,2011-10-05,2011-01-13,2013-01-13,-0.35,0.0202,24,4.0549,20.9505,-16.8956
2011-01-06 → 2011-10-05 (17.3%),2011-01-06,2011-10-05,2011-01-20,2011-04-20,-0.487,0.0281,3,4.0549,9.2656,-5.2107
2011-01-06 → 2011-10-05 (17.3%),2011-01-06,2011-10-05,2011-01-20,2011-07-20,-0.487,0.0281,6,4.0549,12.2803,-8.2254
2011-01-06 → 2011-10-05 (17.3%),2011-01-06,2011-10-05,2011-01-20,2012-01-20,-0.487,0.0281,12,4.0549,25.5755,-21.5206
2011-01-06 → 2011-10-05 (17.3%),2011-01-06,2011-10-05,2011-01-20,2012-07-20,-0.487,0.0281,18,4.0549,28.0458,-23.9909
2011-01-06 → 2011-10-05 (17.3%),2011-01-06,2011-10-05,2011-01-20,2013-01-20,-0.487,0.0281,24,4.0549,20.1175,-16.0626
2011-01-06 → 2011-10-05 (17.3%),2011-01-06,2011-10-05,2011-01-27,2011-04-27,-1.381,0.0797,3,4.0549,7.0863,-3.0314
2011-01-06 → 2011-10-05 (17.3%),2011-01-06,2011-10-05,2011-01-27,2011-07-27,-1.381,0.0797,6,4.0549,10.8363,-6.7814
2011-01-06 → 2011-10-05 (17.3%),2011-01-06,2011-10-05,2011-01-27,2012-01-27,-1.381,0.0797,12,4.0549,24.1251,-20.0702
2011-01-06 → 2011-10-05 (17.3%),2011-01-06,2011-10-05,2011-01-27,2012-07-27,-1.381,0.0797,18,4.0549,29.0233,-24.9684
2011-01-06 → 2011-10-05 (17.3%),2011-01-06,2011-10-05,2011-01-27,2013-01-27,-1.381,0.0797,24,4.0549,18.9641,-14.9092
2011-01-06 → 2011-10-05 (17.3%),2011-01-06,2011-10-05,2011-02-03,2011-05-03,-3.08,0.1777,3,4.0549,5.8012,-1.7463
2011-01-06 → 2011-10-05 (17.3%),2011-01-06,2011-10-05,2011-02-03,2011-08-03,-3.08,0.1777,6,4.0549,12.4073,-8.3524
2011-01-06 → 2011-10-05 (17.3%),2011-01-06,2011-10-05,2011-02-03,2012-02-03,-3.08,0.1777,12,4.0549,21.0276,-16.9727
2011-01-06 → 2011-10-05 (17.3%),2011-01-06,2011-10-05,2011-02-03,2012-08-03,-3.08,0.1777,18,4.0549,27.2157,-23.1608
2011-01-06 → 2011-10-05 (17.3%),2011-01-06,2011-10-05,2011-02-03,2013-02-03,-3.08,0.1777,24,4.0549,16.7607,-12.7058
2011-01-06 → 2011-10-05 (17.3%),2011-01-06,2011-10-05,2011-02-10,2011-05-10,-5.047,0.2911,3,4.0549,4.9531,-0.8982
2011-01-06 → 2011-10-05 (17.3%),2011-01-06,2011-10-05,2011-02-10,2011-08-10,-5.047,0.2911,6,4.0549,19.6392,-15.5842
2011-01-06 → 2011-10-05 (17.3%),2011-01-06,2011-10-05,2011-02-10,2012-02-10,-5.047,0.2911,12,4.0549,17.5337,-13.4788
2011-01-06 → 2011-10-05 (17.3%),2011-01-06,2011-10-05,2011-02-10,2012-08-10,-5.047,0.2911,18,4.0549,23.0355,-18.9806
2011-01-06 → 2011-10-05 (17.3%),2011-01-06,2011-10-05,2011-02-10,2013-02-10,-5.047,0.2911,24,4.0549,13.9678,-9.9129
2011-01-06 → 2011-10-05 (17.3%),2011-01-06,2011-10-05,2011-02-17,2011-05-17,-4.612,0.266,3,4.0549,6.1205,-2.0656
2011-01-06 → 2011-10-05 (17.3%),2011-01-06,2011-10-05,2011-02-17,2011-08-17,-4.612,0.266,6,4.0549,17.6389,-13.5839
2011-01-06 → 2011-10-05 (17.3%),2011-01-06,2011-10-05,2011-02-17,2012-02-17,-4.612,0.266,12,4.0549,16.406,-12.3511
2011-01-06 → 2011-10-05 (17.3%),2011-01-06,2011-10-05,2011-02-17,2012-08-17,-4.612,0.266,18,4.0549,22.0961,-18.0412
2011-01-06 → 2011-10-05 (17.3%),2011-01-06,2011-10-05,2011-02-17,2013-02-17,-4.612,0.266,24,4.0549,14.1347,-10.0797
2011-01-06 → 2011-10-05 (17.3%),2011-01-06,2011-10-05,2011-02-24,2011-05-24,-6.582,0.3797,3,4.0549,4.6104,-0.5554
2011-01-06 → 2011-10-05 (17.3%),2011-01-06,2011-10-05,2011-02-24,2011-08-24,-6.582,0.3797,6,4.0549,18.439,-14.3841
2011-01-06 → 2011-10-05 (17.3%),2011-01-06,2011-10-05,2011-02-24,2012-02-24,-6.582,0.3797,12,4.0549,13.0014,-8.9465
2011-01-06 → 2011-10-05 (17.3%),2011-01-06,2011-10-05,2011-02-24,2012-08-24,-6.582,0.3797,18,4.0549,20.0287,-15.9738
2011-01-06 → 2011-10-05 (17.3%),2011-01-06,2011-10-05,2011-02-24,2013-02-24,-6.582,0.3797,24,4.0549,12.6328,-8.5779
2011-01-06 → 2011-10-05 (17.3%),2011-01-06,2011-10-05,2011-03-03,2011-06-03,-5.085,0.2933,3,4.0549,3.5206,0.5343
2011-01-06 → 2011-10-05 (17.3%),2011-01-06,2011-10-05,2011-03-03,2011-09-03,-5.085,0.2933,6,4.0549,16.7389,-12.684
2011-01-06 → 2011-10-05 (17.3%),2011-01-06,2011-10-05,2011-03-03,2012-03-03,-5.085,0.2933,12,4.0549,12.0386,-7.9837
2011-01-06 → 2011-10-05 (17.3%),2011-01-06,2011-10-05,2011-03-03,2012-09-03,-5.085,0.2933,18,4.0549,21.9454,-17.8905
2011-01-06 → 2011-10-05 (17.3%),2011-01-06,2011-10-05,2011-03-03,2013-03-03,-5.085,0.2933,24,4.0549,12.925,-8.8701
2011-01-06 → 2011-10-05 (17.3%),2011-01-06,2011-10-05,2011-03-10,2011-06-10,-4.043,0.2332,3,4.0549,5.8671,-1.8121
2011-01-06 → 2011-10-05 (17.3%),2011-01-06,2011-10-05,2011-03-10,2011-09-10,-4.043,0.2332,6,4.0549,20.2524,-16.1975
2011-01-06 → 2011-10-05 (17.3%),2011-01-06,2011-10-05,2011-03-10,2012-03-10,-4.043,0.2332,12,4.0549,14.5778,-10.5229
2011-01-06 → 2011-10-05 (17.3%),2011-01-06,2011-10-05,2011-03-10,2012-09-10,-4.043,0.2332,18,4.0549,22.0219,-17.9669
2011-01-06 → 2011-10-05 (17.3%),2011-01-06,2011-10-05,2011-03-10,2013-03-10,-4.043,0.2332,24,4.0549,13.6493,-9.5943
2011-01-06 → 2011-10-05 (17.3%),2011-01-06,2011-10-05,2011-03-17,2011-06-17,-6.244,0.3602,3,4.0549,4.8795,-0.8246
2011-01-06 → 2011-10-05 (17.3%),2011-01-06,2011-10-05,2011-03-17,2011-09-17,-6.244,0.3602,6,4.0549,18.1332,-14.0783
2011-01-06 → 2011-10-05 (17.3%),2011-01-06,2011-10-05,2011-03-17,2012-03-17,-6.244,0.3602,12,4.0549,9.738,-5.6831
2011-01-06 → 2011-10-05 (17.3%),2011-01-06,2011-10-05,2011-03-17,2012-09-17,-6.244,0.3602,18,4.0549,17.7236,-13.6687
2011-01-06 → 2011-10-05 (17.3%),2011-01-06,2011-10-05,2011-03-17,2013-03-17,-6.244,0.3602,24,4.0549,11.0797,-7.0248
2011-01-06 → 2011-10-05 (17.3%),2011-01-06,2011-10-05,2011-03-24,2011-06-24,-3.737,0.2156,3,4.0549,5.8811,-1.8262
2011-01-06 → 2011-10-05 (17.3%),2011-01-06,2011-10-05,2011-03-24,2011-09-24,-3.737,0.2156,6,4.0549,24.4718,-20.4169
2011-01-06 → 2011-10-05 (17.3%),2011-01-06,2011-10-05,2011-03-24,2012-03-24,-3.737,0.2156,12,4.0549,13.1484,-9.0935
2011-01-06 → 2011-10-05 (17.3%),2011-01-06,2011-10-05,2011-03-24,2012-09-24,-3.737,0.2156,18,4.0549,19.0512,-14.9962
2011-01-06 → 2011-10-05 (17.3%),2011-01-06,2011-10-05,2011-03-24,2013-03-24,-3.737,0.2156,24,4.0549,14.3714,-10.3165
2011-01-06 → 2011-10-05 (17.3%),2011-01-06,2011-10-05,2011-03-31,2011-06-30,-1.973,0.1138,3,4.0549,5.9303,-1.8754
2011-01-06 → 2011-10-05 (17.3%),2011-01-06,2011-10-05,2011-03-31,2011-09-30,-1.973,0.1138,6,4.0549,25.6341,-21.5792
2011-01-06 → 2011-10-05 (17.3%),2011-01-06,2011-10-05,2011-03-31,2012-03-31,-1.973,0.1138,12,4.0549,14.2904,-10.2355
2011-01-06 → 2011-10-05 (17.3%),2011-01-06,2011-10-05,2011-03-31,2012-09-30,-1.973,0.1138,18,4.0549,21.8689,-17.814
2011-01-06 → 2011-10-05 (17.3%),2011-01-06,2011-10-05,2011-03-31,2013-03-31,-1.973,0.1138,24,4.0549,15.7952,-11.7403
2011-01-06 → 2011-10-05 (17.3%),2011-01-06,2011-10-05,2011-04-07,2011-07-07,-0.111,0.0064,3,4.0549,6.6875,-2.6326
2011-01-06 → 2011-10-05 (17.3%),2011-01-06,2011-10-05,2011-04-07,2011-10-07,-0.111,0.0064,6,4.0549,29.3614,-25.3065
2011-01-06 → 2011-10-05 (17.3%),2011-01-06,2011-10-05,2011-04-07,2012-04-07,-0.111,0.0064,12,4.0549,16.7239,-12.669
2011-01-06 → 2011-10-05 (17.3%),2011-01-06,2011-10-05,2011-04-07,2012-10-07,-0.111,0.0064,18,4.0549,22.5203,-18.4654
2011-01-06 → 2011-10-05 (17.3%),2011-01-06,2011-10-05,2011-04-07,2013-04-07,-0.111,0.0064,24,4.0549,19.043,-14.9881
2011-01-06 → 2011-10-05 (17.3%),2011-01-06,2011-10-05,2011-04-14,2011-07-14,-1.499,0.0865,3,4.0549,6.6825,-2.6276
2011-01-06 → 2011-10-05 (17.3%),2011-01-06,2011-10-05,2011-04-14,2011-10-14,-1.499,0.0865,6,4.0549,23.7401,-19.6852
2011-01-06 → 2011-10-05 (17.3%),2011-01-06,2011-10-05,2011-04-14,2012-04-14,-1.499,0.0865,12,4.0549,16.1684,-12.1135
2011-01-06 → 2011-10-05 (17.3%),2011-01-06,2011-10-05,2011-04-14,2012-10-14,-1.499,0.0865,18,4.0549,21.5815,-17.5266
2011-01-06 → 2011-10-05 (17.3%),2011-01-06,2011-10-05,2011-04-14,2013-04-14,-1.499,0.0865,24,4.0549,16.7674,-12.7125
2011-01-06 → 2011-10-05 (17.3%),2011-01-06,2011-10-05,2011-04-21,2011-07-21,-0.638,0.0368,3,4.0549,7.8537,-3.7988
2011-01-06 → 2011-10-05 (17.3%),2011-01-06,2011-10-05,2011-04-21,2011-10-21,-0.638,0.0368,6,4.0549,23.2449,-19.19
2011-01-06 → 2011-10-05 (17.3%),2011-01-06,2011-10-05,2011-04-21,2012-04-21,-0.638,0.0368,12,4.0549,16.8387,-12.7837
2011-01-06 → 2011-10-05 (17.3%),2011-01-06,2011-10-05,2011-04-21,2012-10-21,-0.638,0.0368,18,4.0549,20.6513,-16.5964
2011-01-06 → 2011-10-05 (17.3%),2011-01-06,2011-10-05,2011-04-21,2013-04-21,-0.638,0.0368,24,4.0549,19.6519,-15.597
2011-01-06 → 2011-10-05 (17.3%),2011-01-06,2011-10-05,2011-04-28,2011-07-28,-0.507,0.0293,3,4.0549,8.5891,-4.5342
2011-01-06 → 2011-10-05 (17.3%),2011-01-06,2011-10-05,2011-04-28,2011-10-28,-0.507,0.0293,6,4.0549,16.8073,-12.7523
2011-01-06 → 2011-10-05 (17.3%),2011-01-06,2011-10-05,2011-04-28,2012-04-28,-0.507,0.0293,12,4.0549,17.0177,-12.9628
2011-01-06 → 2011-10-05 (17.3%),2011-01-06,2011-10-05,2011-04-28,2012-10-28,-0.507,0.0293,18,4.0549,21.3911,-17.3362
2011-01-06 → 2011-10-05 (17.3%),2011-01-06,2011-10-05,2011-04-28,2013-04-28,-0.507,0.0293,24,4.0549,17.4431,-13.3882
2011-01-06 → 2011-10-05 (17.3%),2011-01-06,2011-10-05,2011-05-05,2011-08-05,-1.909,0.1101,3,4.0549,13.2276,-9.1727
2011-01-06 → 2011-10-05 (17.3%),2011-01-06,2011-10-05,2011-05-05,2011-11-05,-1.909,0.1101,6,4.0549,15.87,-11.8151
2011-01-06 → 2011-10-05 (17.3%),2011-01-06,2011-10-05,2011-05-05,2012-05-05,-1.909,0.1101,12,4.0549,15.6926,-11.6377
2011-01-06 → 2011-10-05 (17.3%),2011-01-06,2011-10-05,2011-05-05,2012-11-05,-1.909,0.1101,18,4.0549,19.1412,-15.0863
2011-01-06 → 2011-10-05 (17.3%),2011-01-06,2011-10-05,2011-05-05,2013-05-05,-1.909,0.1101,24,4.0549,15.6214,-11.5665
2011-01-06 → 2011-10-05 (17.3%),2011-01-06,2011-10-05,2011-05-12,2011-08-12,-1.293,0.0746,3,4.0549,18.1006,-14.0457
2011-01-06 → 2011-10-05 (17.3%),2011-01-06,2011-10-05,2011-05-12,2011-11-12,-1.293,0.0746,6,4.0549,17.7806,-13.7257
2011-01-06 → 2011-10-05 (17.3%),2011-01-06,2011-10-05,2011-05-12,2012-05-12,-1.293,0.0746,12,4.0549,18.7952,-14.7403
2011-01-06 → 2011-10-05 (17.3%),2011-01-06,2011-10-05,2011-05-12,2012-11-12,-1.293,0.0746,18,4.0549,21.3725,-17.3176
2011-01-06 → 2011-10-05 (17.3%),2011-01-06,2011-10-05,2011-05-12,2013-05-12,-1.293,0.0746,24,4.0549,14.3066,-10.2517
2011-01-06 → 2011-10-05 (17.3%),2011-01-06,2011-10-05,2011-05-19,2011-08-19,-1.681,0.097,3,4.0549,18.658,-14.6031
2011-01-06 → 2011-10-05 (17.3%),2011-01-06,2011-10-05,2011-05-19,2011-11-19,-1.681,0.097,6,4.0549,16.9541,-12.8992
2011-01-06 → 2011-10-05 (17.3%),2011-01-06,2011-10-05,2011-05-19,2012-05-19,-1.681,0.097,12,4.0549,21.8643,-17.8094
2011-01-06 → 2011-10-05 (17.3%),2011-01-06,2011-10-05,2011-05-19,2012-11-19,-1.681,0.097,18,4.0549,22.0183,-17.9634
2011-01-06 → 2011-10-05 (17.3%),2011-01-06,2011-10-05,2011-05-19,2013-05-19,-1.681,0.097,24,4.0549,13.6695,-9.6146
2011-01-06 → 2011-10-05 (17.3%),2011-01-06,2011-10-05,2011-05-26,2011-08-26,-2.897,0.1671,3,4.0549,19.0774,-15.0225
2011-01-06 → 2011-10-05 (17.3%),2011-01-06,2011-10-05,2011-05-26,2011-11-26,-2.897,0.1671,6,4.0549,20.3141,-16.2591
2011-01-06 → 2011-10-05 (17.3%),2011-01-06,2011-10-05,2011-05-26,2012-05-26,-2.897,0.1671,12,4.0549,21.1148,-17.0599
2011-01-06 → 2011-10-05 (17.3%),2011-01-06,2011-10-05,2011-05-26,2012-11-26,-2.897,0.1671,18,4.0549,19.113,-15.0581
2011-01-06 → 2011-10-05 (17.3%),2011-01-06,2011-10-05,2011-05-26,2013-05-26,-2.897,0.1671,24,4.0549,11.6752,-7.6203
2011-01-06 → 2011-10-05 (17.3%),2011-01-06,2011-10-05,2011-06-02,2011-09-02,-1.528,0.0881,3,4.0549,17.4013,-13.3464
2011-01-06 → 2011-10-05 (17.3%),2011-01-06,2011-10-05,2011-06-02,2011-12-02,-1.528,0.0881,6,4.0549,16.9367,-12.8817
2011-01-06 → 2011-10-05 (17.3%),2011-01-06,2011-10-05,2011-06-02,2012-06-02,-1.528,0.0881,12,4.0549,21.6535,-17.5986
2011-01-06 → 2011-10-05 (17.3%),2011-01-06,2011-10-05,2011-06-02,2012-12-02,-1.528,0.0881,18,4.0549,20.3445,-16.2896
2011-01-06 → 2011-10-05 (17.3%),2011-01-06,2011-10-05,2011-06-02,2013-06-02,-1.528,0.0881,24,4.0549,13.6186,-9.5637
2011-01-06 → 2011-10-05 (17.3%),2011-01-06,2011-10-05,2011-06-09,2011-09-09,-2.818,0.1625,3,4.0549,18.2427,-14.1878
2011-01-06 → 2011-10-05 (17.3%),2011-01-06,2011-10-05,2011-06-09,2011-12-09,-2.818,0.1625,6,4.0549,17.2209,-13.166
2011-01-06 → 2011-10-05 (17.3%),2011-01-06,2011-10-05,2011-06-09,2012-06-09,-2.818,0.1625,12,4.0549,21.0185,-16.9635
2011-01-06 → 2011-10-05 (17.3%),2011-01-06,2011-10-05,2011-06-09,2012-12-09,-2.818,0.1625,18,4.0549,17.7956,-13.7407
2011-01-06 → 2011-10-05 (17.3%),2011-01-06,2011-10-05,2011-06-09,2013-06-09,-2.818,0.1625,24,4.0549,12.9184,-8.8635
2011-01-06 → 2011-10-05 (17.3%),2011-01-06,2011-10-05,2011-06-16,2011-09-16,-4.549,0.2624,3,4.0549,17.714,-13.6591
2011-01-06 → 2011-10-05 (17.3%),2011-01-06,2011-10-05,2011-06-16,2011-12-16,-4.549,0.2624,6,4.0549,18.2318,-14.1769
2011-01-06 → 2011-10-05 (17.3%),2011-01-06,2011-10-05,2011-06-16,2012-06-16,-4.549,0.2624,12,4.0549,19.2529,-15.198
2011-01-06 → 2011-10-05 (17.3%),2011-01-06,2011-10-05,2011-06-16,2012-12-16,-4.549,0.2624,18,4.0549,15.6217,-11.5668
2011-01-06 → 2011-10-05 (17.3%),2011-01-06,2011-10-05,2011-06-16,2013-06-16,-4.549,0.2624,24,4.0549,15.0142,-10.9593
2011-01-06 → 2011-10-05 (17.3%),2011-01-06,2011-10-05,2011-06-23,2011-09-23,-3.888,0.2242,3,4.0549,22.5709,-18.516
2011-01-06 → 2011-10-05 (17.3%),2011-01-06,2011-10-05,2011-06-23,2011-12-23,-3.888,0.2242,6,4.0549,17.2663,-13.2114
2011-01-06 → 2011-10-05 (17.3%),2011-01-06,2011-10-05,2011-06-23,2012-06-23,-3.888,0.2242,12,4.0549,19.2331,-15.1782
2011-01-06 → 2011-10-05 (17.3%),2011-01-06,2011-10-05,2011-06-23,2012-12-23,-3.888,0.2242,18,4.0549,14.9803,-10.9254
2011-01-06 → 2011-10-05 (17.3%),2011-01-06,2011-10-05,2011-06-23,2013-06-23,-3.888,0.2242,24,4.0549,17.1586,-13.1036
2011-01-06 → 2011-10-05 (17.3%),2011-01-06,2011-10-05,2011-06-30,2011-09-30,-2.739,0.158,3,4.0549,23.4099,-19.355
2011-01-06 → 2011-10-05 (17.3%),2011-01-06,2011-10-05,2011-06-30,2011-12-30,-2.739,0.158,6,4.0549,19.5524,-15.4975
2011-01-06 → 2011-10-05 (17.3%),2011-01-06,2011-10-05,2011-06-30,2012-06-30,-2.739,0.158,12,4.0549,20.9574,-16.9025
2011-01-06 → 2011-10-05 (17.3%),2011-01-06,2011-10-05,2011-06-30,2012-12-30,-2.739,0.158,18,4.0549,16.1981,-12.1432
2011-01-06 → 2011-10-05 (17.3%),2011-01-06,2011-10-05,2011-06-30,2013-06-30,-2.739,0.158,24,4.0549,18.5012,-14.4463
2011-01-06 → 2011-10-05 (17.3%),2011-01-06,2011-10-05,2011-07-07,2011-10-07,-1.762,0.1016,3,4.0549,26.1693,-22.1143
2011-01-06 → 2011-10-05 (17.3%),2011-01-06,2011-10-05,2011-07-07,2012-01-07,-1.762,0.1016,6,4.0549,20.4392,-16.3843
2011-01-06 → 2011-10-05 (17.3%),2011-01-06,2011-10-05,2011-07-07,2012-07-07,-1.762,0.1016,12,4.0549,19.6863,-15.6314
2011-01-06 → 2011-10-05 (17.3%),2011-01-06,2011-10-05,2011-07-07,2013-01-07,-1.762,0.1016,18,4.0549,14.9588,-10.9039
2011-01-06 → 2011-10-05 (17.3%),2011-01-06,2011-10-05,2011-07-07,2013-07-07,-1.762,0.1016,24,4.0549,20.6633,-16.6084
2011-01-06 → 2011-10-05 (17.3%),2011-01-06,2011-10-05,2011-07-14,2011-10-14,-3.085,0.1779,3,4.0549,20.6924,-16.6375
2011-01-06 → 2011-10-05 (17.3%),2011-01-06,2011-10-05,2011-07-14,2012-01-14,-3.085,0.1779,6,4.0549,18.1013,-14.0464
2011-01-06 → 2011-10-05 (17.3%),2011-01-06,2011-10-05,2011-07-14,2012-07-14,-3.085,0.1779,12,4.0549,20.6704,-16.6155
2011-01-06 → 2011-10-05 (17.3%),2011-01-06,2011-10-05,2011-07-14,2013-01-14,-3.085,0.1779,18,4.0549,12.8356,-8.7807
2011-01-06 → 2011-10-05 (17.3%),2011-01-06,2011-10-05,2011-07-14,2013-07-14,-3.085,0.1779,24,4.0549,17.1081,-13.0532
2011-01-06 → 2011-10-05 (17.3%),2011-01-06,2011-10-05,2011-07-21,2011-10-21,-3.527,0.2035,3,4.0549,18.904,-14.8491
2011-01-06 → 2011-10-05 (17.3%),2011-01-06,2011-10-05,2011-07-21,2012-01-21,-3.527,0.2035,6,4.0549,16.4964,-12.4415
2011-01-06 → 2011-10-05 (17.3%),2011-01-06,2011-10-05,2011-07-21,2012-07-21,-3.527,0.2035,12,4.0549,18.7881,-14.7332
2011-01-06 → 2011-10-05 (17.3%),2011-01-06,2011-10-05,2011-07-21,2013-01-21,-3.527,0.2035,18,4.0549,11.2668,-7.2119
2011-01-06 → 2011-10-05 (17.3%),2011-01-06,2011-10-05,2011-07-21,2013-07-21,-3.527,0.2035,24,4.0549,15.3706,-11.3157
2011-01-06 → 2011-10-05 (17.3%),2011-01-06,2011-10-05,2011-07-28,2011-10-28,-4.339,0.2503,3,4.0549,11.9299,-7.875
2011-01-06 → 2011-10-05 (17.3%),2011-01-06,2011-10-05,2011-07-28,2012-01-28,-4.339,0.2503,6,4.0549,15.3154,-11.2605
2011-01-06 → 2011-10-05 (17.3%),2011-01-06,2011-10-05,2011-07-28,2012-07-28,-4.339,0.2503,12,4.0549,19.866,-15.811
2011-01-06 → 2011-10-05 (17.3%),2011-01-06,2011-10-05,2011-07-28,2013-01-28,-4.339,0.2503,18,4.0549,10.4038,-6.3489
2011-01-06 → 2011-10-05 (17.3%),2011-01-06,2011-10-05,2011-07-28,2013-07-28,-4.339,0.2503,24,4.0549,13.8941,-9.8392
2011-01-06 → 2011-10-05 (17.3%),2011-01-06,2011-10-05,2011-08-04,2011-11-04,-6.549,0.3778,3,4.0549,9.5932,-5.5383
2011-01-06 → 2011-10-05 (17.3%),2011-01-06,2011-10-05,2011-08-04,2012-02-04,-6.549,0.3778,6,4.0549,10.8308,-6.7759
2011-01-06 → 2011-10-05 (17.3%),2011-01-06,2011-10-05,2011-08-04,2012-08-04,-6.549,0.3778,12,4.0549,16.4975,-12.4426
2011-01-06 → 2011-10-05 (17.3%),2011-01-06,2011-10-05,2011-08-04,2013-02-04,-6.549,0.3778,18,4.0549,6.3189,-2.264
2011-01-06 → 2011-10-05 (17.3%),2011-01-06,2011-10-05,2011-08-04,2013-08-04,-6.549,0.3778,24,4.0549,10.611,-6.556
2011-01-06 → 2011-10-05 (17.3%),2011-01-06,2011-10-05,2011-08-11,2011-11-11,-13.63,0.7861,3,4.0549,1.8489,2.206
2011-01-06 → 2011-10-05 (17.3%),2011-01-06,2011-10-05,2011-08-11,2012-02-11,-13.63,0.7861,6,4.0549,0.9039,3.151
2011-01-06 → 2011-10-05 (17.3%),2011-01-06,2011-10-05,2011-08-11,2012-08-11,-13.63,0.7861,12,4.0549,5.6272,-1.5723
2011-01-06 → 2011-10-05 (17.3%),2011-01-06,2011-10-05,2011-08-11,2013-02-11,-13.63,0.7861,18,4.0549,-2.2326,6.2875
2011-01-06 → 2011-10-05 (17.3%),2011-01-06,2011-10-05,2011-08-11,2013-08-11,-13.63,0.7861,24,4.0549,2.7739,1.281
2011-01-06 → 2011-10-05 (17.3%),2011-01-06,2011-10-05,2011-08-18,2011-11-18,-10.415,0.6007,3,4.0549,4.9326,-0.8777
2011-01-06 → 2011-10-05 (17.3%),2011-01-06,2011-10-05,2011-08-18,2012-02-18,-10.415,0.6007,6,4.0549,2.9647,1.0902
2011-01-06 → 2011-10-05 (17.3%),2011-01-06,2011-10-05,2011-08-18,2012-08-18,-10.415,0.6007,12,4.0549,7.9978,-3.9429
2011-01-06 → 2011-10-05 (17.3%),2011-01-06,2011-10-05,2011-08-18,2013-02-18,-10.415,0.6007,18,4.0549,1.0246,3.0304
2011-01-06 → 2011-10-05 (17.3%),2011-01-06,2011-10-05,2011-08-18,2013-08-18,-10.415,0.6007,24,4.0549,6.1027,-2.0478
2011-01-06 → 2011-10-05 (17.3%),2011-01-06,2011-10-05,2011-08-25,2011-11-25,-12.296,0.7092,3,4.0549,6.0765,-2.0216
2011-01-06 → 2011-10-05 (17.3%),2011-01-06,2011-10-05,2011-08-25,2012-02-25,-12.296,0.7092,6,4.0549,-0.6743,4.7292
2011-01-06 → 2011-10-05 (17.3%),2011-01-06,2011-10-05,2011-08-25,2012-08-25,-12.296,0.7092,12,4.0549,5.5025,-1.4476
2011-01-06 → 2011-10-05 (17.3%),2011-01-06,2011-10-05,2011-08-25,2013-02-25,-12.296,0.7092,18,4.0549,-1.2098,5.2647
2011-01-06 → 2011-10-05 (17.3%),2011-01-06,2011-10-05,2011-08-25,2013-08-25,-12.296,0.7092,24,4.0549,4.935,-0.8801
2011-01-06 → 2011-10-05 (17.3%),2011-01-06,2011-10-05,2011-09-01,2011-12-01,-9.735,0.5615,3,4.0549,4.6024,-0.5475
2011-01-06 → 2011-10-05 (17.3%),2011-01-06,2011-10-05,2011-09-01,2012-03-01,-9.735,0.5615,6,4.0549,0.6933,3.3616
2011-01-06 → 2011-10-05 (17.3%),2011-01-06,2011-10-05,2011-09-01,2012-09-01,-9.735,0.5615,12,4.0549,9.251,-5.1961
2011-01-06 → 2011-10-05 (17.3%),2011-01-06,2011-10-05,2011-09-01,2013-03-01,-9.735,0.5615,18,4.0549,0.8437,3.2112
2011-01-06 → 2011-10-05 (17.3%),2011-01-06,2011-10-05,2011-09-01,2013-09-01,-9.735,0.5615,24,4.0549,8.354,-4.2991
2011-01-06 → 2011-10-05 (17.3%),2011-01-06,2011-10-05,2011-09-08,2011-12-08,-11.218,0.6471,3,4.0549,2.0591,1.9958
2011-01-06 → 2011-10-05 (17.3%),2011-01-06,2011-10-05,2011-09-08,2012-03-08,-11.218,0.6471,6,4.0549,-0.6886,4.7435
2011-01-06 → 2011-10-05 (17.3%),2011-01-06,2011-10-05,2011-09-08,2012-09-08,-11.218,0.6471,12,4.0549,6.2795,-2.2246
2011-01-06 → 2011-10-05 (17.3%),2011-01-06,2011-10-05,2011-09-08,2013-03-08,-11.218,0.6471,18,4.0549,-1.7422,5.7971
2011-01-06 → 2011-10-05 (17.3%),2011-01-06,2011-10-05,2011-09-08,2013-09-08,-11.218,0.6471,24,4.0549,4.7824,-0.7275
2011-01-06 → 2011-10-05 (17.3%),2011-01-06,2011-10-05,2011-09-15,2011-12-15,-12.937,0.7462,3,4.0549,3.2151,0.8398
2011-01-06 → 2011-10-05 (17.3%),2011-01-06,2011-10-05,2011-09-15,2012-03-15,-12.937,0.7462,6,4.0549,-4.2018,8.2567
2011-01-06 → 2011-10-05 (17.3%),2011-01-06,2011-10-05,2011-09-15,2012-09-15,-12.937,0.7462,12,4.0549,2.6206,1.4343
2011-01-06 → 2011-10-05 (17.3%),2011-01-06,2011-10-05,2011-09-15,2013-03-15,-12.937,0.7462,18,4.0549,-3.171,7.2259
2011-01-06 → 2011-10-05 (17.3%),2011-01-06,2011-10-05,2011-09-15,2013-09-15,-12.937,0.7462,24,4.0549,1.2213,2.8336
2011-01-06 → 2011-10-05 (17.3%),2011-01-06,2011-10-05,2011-09-22,2011-12-22,-12.643,0.7292,3,4.0549,2.9159,1.139
2011-01-06 → 2011-10-05 (17.3%),2011-01-06,2011-10-05,2011-09-22,2012-03-22,-12.643,0.7292,6,4.0549,-3.1578,7.2127
2011-01-06 → 2011-10-05 (17.3%),2011-01-06,2011-10-05,2011-09-22,2012-09-22,-12.643,0.7292,12,4.0549,2.8899,1.165
2011-01-06 → 2011-10-05 (17.3%),2011-01-06,2011-10-05,2011-09-22,2013-03-22,-12.643,0.7292,18,4.0549,-1.4015,5.4564
2011-01-06 → 2011-10-05 (17.3%),2011-01-06,2011-10-05,2011-09-22,2013-09-22,-12.643,0.7292,24,4.0549,1.426,2.629
2011-01-06 → 2011-10-05 (17.3%),2011-01-06,2011-10-05,2011-09-29,2011-12-29,-15.063,0.8688,3,4.0549,-0.0511,4.1061
2011-01-06 → 2011-10-05 (17.3%),2011-01-06,2011-10-05,2011-09-29,2012-03-29,-15.063,0.8688,6,4.0549,-6.6574,10.7123
2011-01-06 → 2011-10-05 (17.3%),2011-01-06,2011-10-05,2011-09-29,2012-09-29,-15.063,0.8688,12,4.0549,0.0692,3.9858
2011-01-06 → 2011-10-05 (17.3%),2011-01-06,2011-10-05,2011-09-29,2013-03-29,-15.063,0.8688,18,4.0549,-4.9181,8.973
2011-01-06 → 2011-10-05 (17.3%),2011-01-06,2011-10-05,2011-09-29,2013-09-29,-15.063,0.8688,24,4.0549,-2.4361,6.491
2020-02-24 → 2020-03-24 (26.5%),2020-02-24,2020-03-24,2020-03-02,2020-06-02,-6.888,0.2599,3,15.4884,35.7215,-20.2332
2020-02-24 → 2020-03-24 (26.5%),2020-02-24,2020-03-24,2020-03-02,2020-09-02,-6.888,0.2599,6,15.4884,25.1085,-9.6201
2020-02-24 → 2020-03-24 (26.5%),2020-02-24,2020-03-24,2020-03-02,2021-03-02,-6.888,0.2599,12,15.4884,13.6779,1.8104
2020-02-24 → 2020-03-24 (26.5%),2020-02-24,2020-03-24,2020-03-02,2021-09-02,-6.888,0.2599,18,15.4884,-3.9653,19.4537
2020-02-24 → 2020-03-24 (26.5%),2020-02-24,2020-03-24,2020-03-09,2020-06-09,-6.136,0.2315,3,15.4884,25.7105,-10.2222
2020-02-24 → 2020-03-24 (26.5%),2020-02-24,2020-03-24,2020-03-09,2020-09-09,-6.136,0.2315,6,15.4884,24.2559,-8.7675
2020-02-24 → 2020-03-24 (26.5%),2020-02-24,2020-03-24,2020-03-09,2021-03-09,-6.136,0.2315,12,15.4884,11.0301,4.4583
2020-02-24 → 2020-03-24 (26.5%),2020-02-24,2020-03-24,2020-03-09,2021-09-09,-6.136,0.2315,18,15.4884,-9.0929,24.5813
2020-02-24 → 2020-03-24 (26.5%),2020-02-24,2020-03-24,2020-03-16,2020-06-16,-15.766,0.5949,3,15.4884,16.942,-1.4537
2020-02-24 → 2020-03-24 (26.5%),2020-02-24,2020-03-24,2020-03-16,2020-09-16,-15.766,0.5949,6,15.4884,12.9371,2.5512
2020-02-24 → 2020-03-24 (26.5%),2020-02-24,2020-03-24,2020-03-16,2021-03-16,-15.766,0.5949,12,15.4884,0.9564,14.532
2020-02-24 → 2020-03-24 (26.5%),2020-02-24,2020-03-24,2020-03-16,2021-09-16,-15.766,0.5949,18,15.4884,-15.3393,30.8276
2020-02-24 → 2020-03-24 (26.5%),2020-02-24,2020-03-24,2020-03-23,2020-06-23,-24.838,0.9371,3,15.4884,5.0808,10.4075
2020-02-24 → 2020-03-24 (26.5%),2020-02-24,2020-03-24,2020-03-23,2020-09-23,-24.838,0.9371,6,15.4884,3.9591,11.5293
2020-02-24 → 2020-03-24 (26.5%),2020-02-24,2020-03-24,2020-03-23,2021-03-23,-24.838,0.9371,12,15.4884,-7.1498,22.6381
2020-02-24 → 2020-03-24 (26.5%),2020-02-24,2020-03-24,2020-03-23,2021-09-23,-24.838,0.9371,18,15.4884,-20.9644,36.4528
