senal,a_pct,e_pct,costo_de_salir_pp
2006-11-03,22.443124409181546,3.4054816929404153,19.03764271624113
2008-06-06,-20.411643076092957,3.5238393789026823,-23.935482454995636
2009-06-19,20.97501572360898,7.111200203757839,13.86381551985114
2010-07-02,10.204595996223365,2.818788749459511,7.385807246763854
2011-08-05,0.6768057675783146,4.128762111290429,-3.451956343712115
2014-10-17,7.212345972675038,2.011611449665396,5.2007345230096425
2016-01-22,6.925709471462738,3.890393480513965,3.0353159909487726
2018-02-09,-0.8289381450547806,4.521041063343478,-5.349979208398259
2019-12-06,1.3051395783162834,5.661315733111105,-4.356176154794822
2021-01-15,0.19042670543762963,-15.16394305068285,15.354369756120478
2022-01-21,-11.788582933686698,9.006066698281101,-20.7946496319678
2023-10-27,18.257100735696486,13.533360234222203,4.723740501474283
