fecha,prob_turbulento_suavizada,prob_turbulento_filtrada
2002-10-11,0.15811629768748178,0.5067261048369355
2002-10-18,0.08867754444842166,0.3574219113381776
2002-10-25,0.04878124868715365,0.17649898040879564
2002-11-01,0.03545729025770288,0.08058900629576904
2002-11-08,0.03612229486192004,0.07936436603852529
2002-11-15,0.03725016470994799,0.22550479290812384
2002-11-22,0.015206947086488684,0.10143091553036185
2002-11-29,0.007264589483046619,0.04875491694073433
2002-12-06,0.0044549732699827455,0.026729510671670054
2002-12-13,0.004066334673499704,0.02772227796246795
2002-12-20,0.0031294594369630615,0.020133882122715226
2002-12-27,0.003072187504229381,0.01802322842469931
2003-01-03,0.0035493069097077617,0.015545829279716896
2003-01-10,0.00558512186859589,0.015850228094294087
2003-01-17,0.010464486311489038,0.024643383105288748
2003-01-24,0.016196484171876475,0.06272636095039744
2003-01-31,0.014530410272577968,0.07856714619575658
2003-02-07,0.009672113908041003,0.054011393576163545
2003-02-14,0.0070505416951410094,0.03792169182377742
2003-02-21,0.006083979398300847,0.02247637514706591
2003-02-28,0.008472695602993616,0.024888823036744626
2003-03-07,0.01224511029963293,0.018279827557588467
2003-03-14,0.024236138961893895,0.09511939124147478
2003-03-21,0.019287015655381438,0.10230224188063146
2003-03-28,0.012119747548570283,0.06036134503790227
2003-04-04,0.009385366830816845,0.03962523686387341
2003-04-11,0.009422589033417588,0.03127785224723034
2003-04-18,0.011705157125791692,0.02584605320678617
2003-04-25,0.01797348674928932,0.028161321509926347
2003-05-02,0.028276663511833396,0.0218309544400457
2003-05-09,0.05433360381260237,0.02286618962557786
2003-05-16,0.10516951974434502,0.055088454420703745
2003-05-23,0.14157759986606233,0.10166337705687542
2003-05-30,0.16144275553427453,0.31792754704889864
2003-06-06,0.13583104325581408,0.3195292626252378
2003-06-13,0.10754513207944383,0.15959876076291674
2003-06-20,0.10523645443259631,0.07779604120795727
2003-06-27,0.12667416773148243,0.43420356924310005
2003-07-04,0.07351518037043478,0.340629680682404
2003-07-11,0.035504594496046475,0.17677084966189105
2003-07-18,0.020402479107593793,0.12053635354698314
2003-07-25,0.010896345411214682,0.061989822913954065
2003-08-01,0.0074418361336592515,0.0370905595088743
2003-08-08,0.0068875380886053335,0.02510814232399284
2003-08-15,0.009119727476226948,0.05183697594755087
2003-08-22,0.006631866412912769,0.04408883288909214
2003-08-29,0.004287880560321765,0.029485729474008914
2003-09-05,0.0031633894049693254,0.020128535187349764
2003-09-12,0.003146434266686011,0.020398696719045813
2003-09-19,0.0030382733953667924,0.017143012647252723
2003-09-26,0.0037501148341728893,0.014962370947713004
2003-10-03,0.006355017330211243,0.0290004870166456
2003-10-10,0.006964812329992699,0.029465947795799197
2003-10-17,0.007927293065035434,0.042551408243752226
2003-10-24,0.006541758291141369,0.036295503509430393
2003-10-31,0.005594718766202194,0.028312019356943677
2003-11-07,0.005773331457580881,0.0318489895041856
2003-11-14,0.005256118874155691,0.021680402370774943
2003-11-21,0.007066285520067623,0.0446738257152358
2003-11-28,0.004844406698876997,0.029628474016899074
2003-12-05,0.004121604432828459,0.025488425862792628
2003-12-12,0.003730489531104318,0.0266832127529033
2003-12-19,0.002729032457859432,0.018372904831424668
2003-12-26,0.002668726393015582,0.01752933541645925
2004-01-02,0.0027687190183249763,0.01918166466193924
2004-01-09,0.0025399734342004244,0.016421953247234774
2004-01-16,0.0027939218072926307,0.01469161636334405
2004-01-23,0.004022701996601418,0.014052657115175601
2004-01-30,0.007534614029922798,0.014822918699845186
2004-02-06,0.016119294108706862,0.03088169910271034
2004-02-13,0.023494572517706543,0.021022486526994347
2004-02-20,0.04554193561444453,0.11371037386033744
2004-02-27,0.04194114627304066,0.06534100603312265
2004-03-05,0.04866680733003001,0.049278686292022034
2004-03-12,0.06482570421997276,0.06950086633885358
2004-03-19,0.07768023435303148,0.05002722606693028
2004-03-26,0.10657509713324015,0.050140980294964416
2004-04-02,0.14844122281639788,0.09188082664554371
2004-04-09,0.17430758341249677,0.08900298333115006
2004-04-16,0.20815659627426036,0.16755761724593354
2004-04-23,0.2180369216037199,0.1001205990334007
2004-04-30,0.2556438893481824,0.05221434726396823
2004-05-07,0.3600187725851153,0.03328773366418937
2004-05-14,0.6026137830924881,0.8269166806651782
2004-05-21,0.448526464152758,0.7313748992983519
2004-05-28,0.3276733730935024,0.7815753261261561
2004-06-04,0.12964878062372734,0.5074152776695897
2004-06-11,0.05681236940757968,0.28987225715834336
2004-06-18,0.026426873130567276,0.16892380463802664
2004-06-25,0.011226117178946315,0.07565997448630277
2004-07-02,0.005832192405468405,0.03902114200572966
2004-07-09,0.003933148881078657,0.026094422404368742
2004-07-16,0.0032353718679408133,0.021510455837091696
2004-07-23,0.002939840092157809,0.018425419879146823
2004-07-30,0.0031293764947117947,0.022743768598483788
2004-08-06,0.002428814125261423,0.01720813923917859
2004-08-13,0.002300589051933607,0.015707125710175542
2004-08-20,0.00242781626167036,0.016628059141801318
2004-08-27,0.0024632215697402704,0.01693948629842649
2004-09-03,0.0024574133524652587,0.016129305524114564
2004-09-10,0.0026837006895654558,0.018201919255066538
2004-09-17,0.0026132239941107655,0.018204220175137776
2004-09-24,0.002452675955844967,0.015143422902997344
2004-10-01,0.002988284336614818,0.014166593693117801
2004-10-08,0.004744773129838387,0.023624286491827635
2004-10-15,0.005421517884547936,0.034010293360929866
2004-10-22,0.004207353557795468,0.023422977025589334
2004-10-29,0.004413831178278783,0.03190178104129785
2004-11-05,0.0029093506635376664,0.021526907380809195
2004-11-12,0.0022606461534093033,0.016579952919023498
2004-11-19,0.0020768931992623833,0.014632972949258475
2004-11-26,0.002193585109040601,0.015895977228083124
2004-12-03,0.0021081430289397454,0.014762940060458163
2004-12-10,0.0022335036838430624,0.014002507601635798
2004-12-17,0.0028127956649353116,0.01855938843046488
2004-12-24,0.0028057509711903574,0.01529833572030713
2004-12-31,0.003824012014293122,0.01410296356762899
2005-01-07,0.006981284348279399,0.043972977542175024
2005-01-14,0.004837705375306827,0.027362510242880268
2005-01-21,0.004624656363628413,0.03334533108815572
2005-01-28,0.0029971010089191357,0.021305867059398242
2005-02-04,0.0024952738477006494,0.01641940053196598
2005-02-11,0.0026870317835451353,0.01582073405724827
2005-02-18,0.0033451744640061332,0.015492170681905382
2005-02-25,0.00509909560813593,0.015924942688225745
2005-03-04,0.009227144734373523,0.044028360755612075
2005-03-11,0.008233699229330605,0.028510982676266124
2005-03-18,0.010486103886091225,0.06280485347774392
2005-03-25,0.00675480179115426,0.039054709934937315
2005-04-01,0.005388314392029047,0.03478335145501276
2005-04-08,0.0040009434192935945,0.021295246511469197
2005-04-15,0.004588320243168672,0.016530134147344198
2005-04-22,0.007675420854945662,0.05394331607177641
2005-04-29,0.004227745551696567,0.03064553321053052
2005-05-06,0.002827552806861683,0.01976783374794432
2005-05-13,0.0025167861761832516,0.01809093079973851
2005-05-20,0.002263860777943768,0.016659114682370007
2005-05-27,0.00206261724253698,0.014578495835681913
2005-06-03,0.0021736966935009716,0.01551747415132395
2005-06-10,0.002169779643726631,0.015603785723956579
2005-06-17,0.0021345283660448634,0.01418439667068968
2005-06-24,0.002488744443022069,0.01639024370503283
2005-07-01,0.0026801143430068763,0.019398597304752012
2005-07-08,0.0022894668868579326,0.015734838199250527
2005-07-15,0.0023919249051279224,0.017608642012111205
2005-07-22,0.0021057505134491825,0.01492396739741713
2005-07-29,0.0021775687000210138,0.014816915627355069
2005-08-05,0.0023946502621834368,0.015974696817186683
2005-08-12,0.0025777862099478546,0.01715395039533222
2005-08-19,0.0026654248722486886,0.017532860158783383
2005-08-26,0.0027600461247321135,0.01990633713471398
2005-09-02,0.002335791197655107,0.015767533442074745
2005-09-09,0.0024963790311416955,0.014395900558074732
2005-09-16,0.003363065828790978,0.01509449909615608
2005-09-23,0.005311611532883847,0.018000512300966887
2005-09-30,0.008670201305518002,0.01598029109116165
2005-10-07,0.017938359149850695,0.014804267301287881
2005-10-14,0.04281447218483295,0.026441321615599596
2005-10-21,0.07582032782234506,0.3609356628102208
2005-10-28,0.03403537144199326,0.18396070639318232
2005-11-04,0.017707444323138918,0.08594015090012443
2005-11-11,0.01259080495622002,0.07410462586086952
2005-11-18,0.007832709412260967,0.037207798597377564
2005-11-25,0.007492932995938522,0.03876647333747685
2005-12-02,0.006616427228053779,0.039840262585614614
2005-12-09,0.0050207627843471036,0.027800219055640354
2005-12-16,0.004855425908216779,0.01955153432386602
2005-12-23,0.006994165403360772,0.01576468689348049
2005-12-30,0.013994072450003387,0.014493833541252062
2006-01-06,0.033200541039755754,0.1190156269495074
2006-01-13,0.026317139023184208,0.12626666517078544
2006-01-20,0.017077981379255456,0.07474051497931691
2006-01-27,0.013574208744543228,0.059229135310561315
2006-02-03,0.011589190397798224,0.05000111119146646
2006-02-10,0.010539797795821045,0.06090490242740529
2006-02-17,0.0071275656857864335,0.03310259465716327
2006-02-24,0.00727498085296273,0.02242191179517116
2006-03-03,0.010907311731320968,0.01918738376260628
2006-03-10,0.020469175692207065,0.062408241668040015
2006-03-17,0.020407601693511027,0.07875198695641132
2006-03-24,0.017196633629313625,0.03837362767803722
2006-03-31,0.022168624942905512,0.023123295159508516
2006-04-07,0.04033894617124606,0.02428074691728516
2006-04-14,0.07455571194389182,0.03478943339827599
2006-04-21,0.11860386697763592,0.06785515167010855
2006-04-28,0.14997782489766034,0.035807392092151745
2006-05-05,0.24062288941407667,0.02198982683992162
2006-05-12,0.4889418611005485,0.02200363187321831
2006-05-19,0.9971199957647559,0.896233592538326
2006-05-26,0.9996901260204822,0.9977732688057168
2006-06-02,0.9901658576877238,0.8155344043041776
2006-06-09,0.9937088979136308,0.839560990405763
2006-06-16,0.9973428908766059,0.9984074911919212
2006-06-23,0.8611648368918905,0.9593779071926275
2006-06-30,0.5915104988711138,0.7548614955838228
2006-07-07,0.49205411269612037,0.7919069386388261
2006-07-14,0.3347535448934952,0.5578095342310203
2006-07-21,0.27073860104691927,0.6755663971447111
2006-07-28,0.14696760989545904,0.5481527543315302
2006-08-04,0.06261993900223885,0.33210429657887947
2006-08-11,0.025221608461974923,0.15882960975775773
2006-08-18,0.011246469634586705,0.07126936775416025
2006-08-25,0.006492503805239737,0.04541418298433368
2006-09-01,0.0038562940139427824,0.027994061808033988
2006-09-08,0.002690112575317984,0.01909023642145189
2006-09-15,0.0023903578472011,0.017879878881903594
2006-09-22,0.0020306205211388555,0.015246174724963476
2006-09-29,0.0018910022871431445,0.014051412537652321
2006-10-06,0.0018883205205877784,0.013842806791774595
2006-10-13,0.0019464234183531324,0.013689002696531016
2006-10-20,0.0021519026395446055,0.015318175405794165
2006-10-27,0.0021747620932139836,0.01523529676336418
2006-11-03,0.0022573360210962103,0.014355244106647467
2006-11-10,0.002753226115732352,0.01873975270980644
2006-11-17,0.002623110070899957,0.018047881782058378
2006-11-24,0.0025177652485012816,0.016745577558793034
2006-12-01,0.0026433296659594107,0.015096214435346556
2006-12-08,0.0034872449710558846,0.01909013806537501
2006-12-15,0.004151553086750267,0.01548429852661878
2006-12-22,0.0071141558290355525,0.01729492242752602
2006-12-29,0.01322444014586967,0.016314422393748453
2007-01-05,0.028661589564976976,0.017293715736781543
2007-01-12,0.06357548445768449,0.1275849059903706
2007-01-19,0.060711758214973065,0.15319654749382475
2007-01-26,0.05277907295772273,0.10423964886138636
2007-02-02,0.05253008150456157,0.05240757631173232
2007-02-09,0.06870285564705213,0.09478204348258176
2007-02-16,0.0743169996377886,0.045211828054620824
2007-02-23,0.10580239026868213,0.04160454097891366
2007-03-02,0.15815843064309912,0.44493613973643276
2007-03-09,0.1054948127564126,0.3184368531854519
2007-03-16,0.0745975501830692,0.14787271850656417
2007-03-23,0.06970232160684305,0.3295557790977504
2007-03-30,0.033434317278066436,0.15847975327404842
2007-04-06,0.020689205093659763,0.12929729532944678
2007-04-13,0.01003482639893722,0.06818608187898217
2007-04-20,0.005340177603486045,0.03780523618726632
2007-04-27,0.00336526637120597,0.024279991041931084
2007-05-04,0.0025510517266461646,0.018297028182531816
2007-05-11,0.002286986237228223,0.015961322861160608
2007-05-18,0.0023181273200564723,0.016647283491665305
2007-05-25,0.0021955498749489594,0.014598736659873756
2007-06-01,0.0025112177792834846,0.014068509211356866
2007-06-08,0.0035247631023454743,0.013817271793967321
2007-06-15,0.006335737945367298,0.013710490046908927
2007-06-22,0.013954257989173742,0.024061999675627877
2007-06-29,0.02331373665205047,0.020858366595607365
2007-07-06,0.04538108250550707,0.036087935361764564
2007-07-13,0.06905396749610129,0.024292647201351034
2007-07-20,0.13044351050719533,0.017389935858219387
2007-07-27,0.30042606921198695,0.019159182618131165
2007-08-03,0.6588698485961564,0.13855870644386958
2007-08-10,0.7509108515138372,0.06645324899212635
2007-08-17,0.9975716748876224,0.9992881921168215
2007-08-24,0.7168139868821483,0.8899616806642189
2007-08-31,0.5298001616285957,0.7154843128912008
2007-09-07,0.43679595078605915,0.5206336897851782
2007-09-14,0.39524795095438914,0.4547893101502656
2007-09-21,0.3641102511468224,0.5641261698271275
2007-09-28,0.3019259760986194,0.362419427330683
2007-10-05,0.28069663533027817,0.25058012946532116
2007-10-12,0.27957023902751615,0.16236743359280997
2007-10-19,0.3009265001146927,0.07285111235173002
2007-10-26,0.3853297649639005,0.045283178270857226
2007-11-02,0.5728102877483894,0.0443066982161976
2007-11-09,0.8609356320106,0.2279961402048381
2007-11-16,0.9272310105663761,0.233960589597539
2007-11-23,0.9981765992535424,0.9809580635669373
2007-11-30,0.9927730396192489,0.9148354622555723
2007-12-07,0.9904117855207919,0.7831410044639594
2007-12-14,0.9958680638326973,0.870342986040802
2007-12-21,0.9989670990548511,0.9876807156306193
2007-12-28,0.9943269109230125,0.919637434040799
2008-01-04,0.9928962111153329,0.7898578264750481
2008-01-11,0.9987828307081241,0.9504840203580392
2008-01-18,0.9999988796108848,0.999982812618044
2008-01-25,0.9965328139633534,0.9950408986722837
2008-02-01,0.9408833505725365,0.8721650291266387
2008-02-08,0.9123774733727412,0.6659761121377664
2008-02-15,0.9102109216919599,0.6842410189789331
2008-02-22,0.9055080498708741,0.5183583098559978
2008-02-29,0.9183604686683625,0.3458496019433307
2008-03-07,0.9571013811634189,0.9740065005550883
2008-03-14,0.8261703176104088,0.9357016539060976
2008-03-21,0.6189879953626942,0.8430479194389935
2008-03-28,0.4524341035399484,0.7650306510925133
2008-04-04,0.3076621976921854,0.6768404970045383
2008-04-11,0.19010800266198788,0.40276207008609805
2008-04-18,0.15021857968040275,0.5400362935985299
2008-04-25,0.06912190838716382,0.29852774346685146
2008-05-02,0.0384040673629503,0.13951726850140558
2008-05-09,0.029234044392238055,0.064887355007789
2008-05-16,0.03169309354194063,0.033832664701902465
2008-05-23,0.04827039219983677,0.024809541584072548
2008-05-30,0.08896525660045934,0.017599388349649726
2008-06-06,0.20237078117557614,0.020302024582361376
2008-06-13,0.42865166211389216,0.1283971660847375
2008-06-20,0.48957170599336364,0.06614316328130997
2008-06-27,0.6484822110564162,0.04313297855670976
2008-07-04,0.9848037272777,0.9850323049456062
2008-07-11,0.9041011018139146,0.8548084051770796
2008-07-18,0.8624455874521902,0.7262349487294075
2008-07-25,0.841208417448244,0.4563224736625735
2008-08-01,0.8549616433390144,0.24452846686778795
2008-08-08,0.9143326130133376,0.4119506514124374
2008-08-15,0.9415429610909664,0.6621397049754582
2008-08-22,0.9450112008575803,0.5882867611607118
2008-08-29,0.9557169929396826,0.3363818805878759
2008-09-05,0.9997985121485711,0.991713806498897
2008-09-12,0.9999328978973524,0.9981930598853308
2008-09-19,0.9988402444788456,0.9834928830814729
2008-09-26,0.9954376173530654,0.8361688110673587
2008-10-03,0.9999977571626332,0.9999040970660358
2008-10-10,1.000000000000001,0.9999999999999994
2008-10-17,0.9975639150576242,0.9054514939323142
2008-10-24,0.9999996272113185,0.999994277270662
2008-10-31,0.9965369622391236,0.8718364474640127
2008-11-07,0.9999415123522268,0.997573047051264
2008-11-14,0.9999438517419605,0.9976045127452936
2008-11-21,0.9999999999917516,0.9999999996472285
2008-11-28,0.9999999312338897,0.9999971236379328
2008-12-05,0.9999566350937066,0.998163068543241
2008-12-12,0.9999846939408377,0.999839184885319
2008-12-19,0.9940360217589371,0.849141270406555
2008-12-26,0.9973059615689431,0.9668495440055884
2009-01-02,0.9935200428871075,0.9026054876659728
2009-01-09,0.992965838570951,0.7710941939574795
2009-01-16,0.9998191439729541,0.9995879993359118
2009-01-23,0.9653796947612815,0.838696694217787
2009-01-30,0.9566071647204241,0.8937699684563915
2009-02-06,0.9307663195243479,0.6771452502807203
2009-02-13,0.9307928461272228,0.42546382413141887
2009-02-20,0.9576628452751199,0.4474738371056645
2009-02-27,0.9842998713335596,0.6338664527188537
2009-03-06,0.9972451217346058,0.9277202757004199
2009-03-13,0.9980617962448437,0.9321430586692844
2009-03-20,0.9994878486256856,0.994135486839645
2009-03-27,0.9943635902079376,0.9828479814188741
2009-04-03,0.9699037774557573,0.7991222456829944
2009-04-10,0.9675099279291673,0.5250041893672962
2009-04-17,0.9868543576721766,0.9388906628068909
2009-04-24,0.9734985771866281,0.7285804086826041
2009-05-01,0.977932661689894,0.5131592771422702
2009-05-08,0.9995948953002314,0.9957873253962112
2009-05-15,0.9936906376017349,0.8428798334958599
2009-05-22,0.997138477518797,0.973997989936674
2009-05-29,0.9908014208991072,0.8323840591462531
2009-06-05,0.9935914038612444,0.9172968659074859
2009-06-12,0.9917101065059631,0.7431239339012288
2009-06-19,0.9996602030654437,0.9996058489407634
2009-06-26,0.9301440495398315,0.8276384258102518
2009-07-03,0.9085344632823826,0.6301967629766204
2009-07-10,0.909684191070808,0.619697217855111
2009-07-17,0.912148841295761,0.8875624555892246
2009-07-24,0.8589461225585108,0.9357463456046053
2009-07-31,0.6913699331542781,0.7902795070437476
2009-08-07,0.5999667961328278,0.6585029833054284
2009-08-14,0.5436762181317552,0.38267292988412865
2009-08-21,0.5409372303324617,0.2846594779520611
2009-08-28,0.5577964158564658,0.14443242485813043
2009-09-04,0.6292462240586455,0.10216040984521751
2009-09-11,0.7558187751435931,0.7199919410701813
2009-09-18,0.711630397423978,0.5838524149790766
2009-09-25,0.6907844868000537,0.34446300092811116
2009-10-02,0.7088511209888227,0.17131418283094793
2009-10-09,0.7850072823467407,0.3152153543285348
2009-10-16,0.817862295078019,0.3652968408001058
2009-10-23,0.8436964607762103,0.44340456960624924
2009-10-30,0.8595173252338669,0.9761001082019796
2009-11-06,0.3856112290354254,0.7805256952367158
2009-11-13,0.20651391143370504,0.5156842200229826
2009-11-20,0.1398563803172924,0.33798694053587497
2009-11-27,0.10846104145428313,0.18336490962901733
2009-12-04,0.1016593607830305,0.26407438799288296
2009-12-11,0.08002024033823964,0.35850034166148553
2009-12-18,0.03911099777038115,0.16987166807835394
2009-12-25,0.025495588017778053,0.10291165264454086
2010-01-01,0.019591790052642683,0.06480697462670779
2010-01-08,0.01871847047120862,0.07057816366721126
2010-01-15,0.016447803191538442,0.03500759051138995
2010-01-22,0.022236205900736047,0.08598884414507593
2010-01-29,0.01829284202033942,0.06780903895198706
2010-02-05,0.01639470800216846,0.03392117699473221
2010-02-12,0.022594933927604817,0.03916047195951947
2010-02-19,0.030429052878552996,0.049755274628647
2010-02-26,0.03801394046411186,0.10530674018020106
2010-03-05,0.034399616634130395,0.059973993447760415
2010-03-12,0.04011777062840256,0.14146253103666112
2010-03-19,0.030922830190489012,0.0681501063111395
2010-03-26,0.03313289675416264,0.03903672919461498
2010-04-02,0.04717504341122969,0.023116046388624925
2010-04-09,0.09025890019191668,0.019474219218518073
2010-04-16,0.19364834478065204,0.02251867222723195
2010-04-23,0.3878652091865482,0.04915408323740836
2010-04-30,0.560597656157806,0.029049941748067288
2010-05-07,0.9987474904373437,0.9859918607027914
2010-05-14,0.9937033776437751,0.945077773935934
2010-05-21,0.9879860448298536,0.9804692657284975
2010-05-28,0.9403249309240191,0.9607426577656358
2010-06-04,0.8218239174056541,0.8435513314660698
2010-06-11,0.7469747550799338,0.6337839013920297
2010-06-18,0.7217321219912531,0.6795747465845067
2010-06-25,0.6816244948058828,0.40487261817501197
2010-07-02,0.6878421642330055,0.7752476038178074
2010-07-09,0.6039518683746097,0.7344766358615136
2010-07-16,0.5186215166283884,0.5729540019241729
2010-07-23,0.474191892788447,0.32302639532682637
2010-07-30,0.4765695188764482,0.26211317718795024
2010-08-06,0.49249324540250494,0.14393800253536665
2010-08-13,0.5540150306161308,0.7710342944318366
2010-08-20,0.433535742121295,0.5576489868297437
2010-08-27,0.38211605180777475,0.722197926703809
2010-09-03,0.2518963010135585,0.6767790484485926
2010-09-10,0.12385348395463606,0.4285671842573625
2010-09-17,0.0717724551768649,0.348622126920842
2010-09-24,0.03205581755261142,0.1722737156755739
2010-10-01,0.0171432764117554,0.09562778392828775
2010-10-08,0.010450808675074096,0.060988828701643766
2010-10-15,0.006992261915479396,0.03926297838697017
2010-10-22,0.005723561348714671,0.02383722824282144
2010-10-29,0.007284729481224729,0.018181763766354858
2010-11-05,0.013065976805352335,0.0391593282968582
2010-11-12,0.015353352081144578,0.036312102927320324
2010-11-19,0.019943678297307747,0.08720131246868823
2010-11-26,0.015208928488019663,0.04464263535968731
2010-12-03,0.017138291793117794,0.0320329615743641
2010-12-10,0.02470210073339328,0.034084843829301985
2010-12-17,0.0364059809248792,0.02317407050266134
2010-12-24,0.06866682370029602,0.01822382755174698
2010-12-31,0.15223385512866652,0.016140783546614246
2011-01-07,0.3671450495736874,0.40781952862694054
2011-01-14,0.34297831395461265,0.23017171816217022
2011-01-21,0.3529554442000081,0.1380950939786601
2011-01-28,0.3954020833286894,0.11317176085481646
2011-02-04,0.46119318515866087,0.13962188593524572
2011-02-11,0.5203780988375765,0.564409257636129
2011-02-18,0.47833057637759857,0.3737385706057574
2011-02-25,0.47120901359352974,0.6074399084800116
2011-03-04,0.41037768481282,0.6289734507485213
2011-03-11,0.33281260009339536,0.39897186856270583
2011-03-18,0.3071833526424231,0.38731944259481565
2011-03-25,0.281500008827416,0.6464148835500799
2011-04-01,0.17533176595582542,0.48709958138126747
2011-04-08,0.11345080287625973,0.32669456232535643
2011-04-15,0.08175768647221933,0.3475669174176433
2011-04-22,0.043165827334928415,0.1701600715178382
2011-04-29,0.030055904746730915,0.09476057886164538
2011-05-06,0.026540513335031102,0.10342648304498689
2011-05-13,0.02078237239058475,0.04836828313063892
2011-05-20,0.024376550879006254,0.029601629842266622
2011-05-27,0.038786799781409934,0.02386844065496004
2011-06-03,0.0722139965374674,0.018000137316635877
2011-06-10,0.16144922559851838,0.03918327658721277
2011-06-17,0.2500563887421858,0.20929844718145602
2011-06-24,0.2547586822576675,0.10048584315206213
2011-07-01,0.3003353551398382,0.08619374651823555
2011-07-08,0.36869034521351507,0.0428502825384554
2011-07-15,0.5587916421416284,0.14220847263715736
2011-07-22,0.6319258374114135,0.06417082404650974
2011-07-29,0.8462638730186842,0.1140926504619252
2011-08-05,0.999923205870424,0.9974426803423104
2011-08-12,0.9994383072762235,0.997109817920551
2011-08-19,0.9853732748761633,0.8302968846627049
2011-08-26,0.9860399082557758,0.6908813825299424
2011-09-02,0.9956742828542531,0.9556528751808103
2011-09-09,0.9909490688792738,0.9163027775698853
2011-09-16,0.9867568181260171,0.7961325125740663
2011-09-23,0.990276181837208,0.9761491505412258
2011-09-30,0.9597420999329,0.7751904668788268
2011-10-07,0.9565345906211615,0.6646893456866086
2011-10-14,0.9624657049141315,0.7768571203976284
2011-10-21,0.9599002599663351,0.506018224004488
2011-10-28,0.9802327518662647,0.935596366711882
2011-11-04,0.9598628176807537,0.7796991138572833
2011-11-11,0.9562203450930767,0.647303591146724
2011-11-18,0.9635338876594008,0.38621840841718
2011-11-25,0.9993056643217206,0.9905523629579774
2011-12-02,0.9954284840674953,0.9983203913557085
2011-12-09,0.7720589827770511,0.9042184474286418
2011-12-16,0.5965824208993913,0.8991908085712452
2011-12-23,0.3001205815070803,0.7574943944191155
2011-12-30,0.12030470195895157,0.5043114098138625
2012-01-06,0.047382849707729977,0.2623775077769066
2012-01-13,0.020648309614183034,0.12043970624909679
2012-01-20,0.01120131568389738,0.07466061344668797
2012-01-27,0.005942263801123426,0.036605484672465084
2012-02-03,0.004558077576176363,0.03115976271659279
2012-02-10,0.003302134244039939,0.020048686264606694
2012-02-17,0.0034663839845936843,0.024588420469625758
2012-02-24,0.00267923762570234,0.017941103306415313
2012-03-02,0.0026756040528854224,0.0164256170358609
2012-03-09,0.0031194320280549634,0.0192200571818011
2012-03-16,0.0033018708247750097,0.017120750732166012
2012-03-23,0.004376976229590697,0.026851443848292182
2012-03-30,0.0038932653481145753,0.018614196000612704
2012-04-06,0.005211622067487553,0.019322726636487535
2012-04-13,0.007864421294041987,0.02494036180666303
2012-04-20,0.011055068673121374,0.017885874572557445
2012-04-27,0.02188782841799763,0.016897850979550724
2012-05-04,0.048475051695605655,0.016209184909495418
2012-05-11,0.11435664379777297,0.10079563937486569
2012-05-18,0.1285308890154188,0.43503406867707944
2012-05-25,0.07535294953580118,0.2817531841006443
2012-06-01,0.04812726155343088,0.1805672213723712
2012-06-08,0.034097821621189364,0.18285851657654945
2012-06-15,0.01793636828831505,0.0819574172336083
2012-06-22,0.013503605170088785,0.04242917895443433
2012-06-29,0.015132357485183111,0.024242597737044652
2012-07-06,0.0254930956591789,0.0328852354786244
2012-07-13,0.038470571596354086,0.15981024145573944
2012-07-20,0.02625280977695601,0.08531483684384769
2012-07-27,0.023478283516417432,0.14400910903575137
2012-08-03,0.011276016736332347,0.06489983405104388
2012-08-10,0.007496548882737138,0.042935887467390584
2012-08-17,0.005809174641918357,0.03171961777720658
2012-08-24,0.005346534957643697,0.02779131384568309
2012-08-31,0.005452379215147423,0.03570042133274733
2012-09-07,0.003931495190218123,0.022072845795656326
2012-09-14,0.004224201942076565,0.029872875396361263
2012-09-21,0.002972739880878894,0.01961560577902592
2012-09-28,0.0028719002031698452,0.01836781591745642
2012-10-05,0.0029926633384029914,0.017821032880412632
2012-10-12,0.0034293102052736953,0.020200947819714273
2012-10-19,0.0036965997397756245,0.02012062526610119
2012-10-26,0.004293159044715061,0.02592307600974405
2012-11-02,0.003952782746279248,0.020413678643792423
2012-11-09,0.0047517894311910995,0.024696179565805793
2012-11-16,0.005137923961607814,0.03680046520991544
2012-11-23,0.003217344544822631,0.022241660982976044
2012-11-30,0.0027241119451923233,0.019306902741597742
2012-12-07,0.002409328592929201,0.015928688907103427
2012-12-14,0.00262786281157231,0.016006331042883553
2012-12-21,0.003138480690372938,0.021451672079778474
2012-12-28,0.002753573357086143,0.01643100046928509
2013-01-04,0.0033054541588385354,0.024435582502715287
2013-01-11,0.0024007475595137634,0.01779827492058523
2013-01-18,0.00207585968828065,0.015507690210215655
2013-01-25,0.0019288172575293665,0.014312560729933399
2013-02-01,0.0019075712865855516,0.013878873458984402
2013-02-08,0.0019864432043523337,0.01362109599792986
2013-02-15,0.0022824096177948405,0.013465243470890391
2013-02-22,0.003140713648427422,0.022922260491153444
2013-03-01,0.0024109838031318004,0.01691632242582668
2013-03-08,0.0023404192411446267,0.014761547006525473
2013-03-15,0.002830633086639999,0.015861791835497782
2013-03-22,0.003684469462007687,0.0223389879306288
2013-03-29,0.00364973921816542,0.016730119903707368
2013-04-05,0.005344619282187945,0.02716154705575148
2013-04-12,0.005608275735118269,0.019503075243786125
2013-04-19,0.008656578551651212,0.047740336447415585
2013-04-26,0.006675086376857581,0.04255616964091148
2013-05-03,0.004619088686932988,0.02421832133922374
2013-05-10,0.005009557103834963,0.025113844145045274
2013-05-17,0.005520456027964875,0.01777743821865444
2013-05-24,0.00925635249910945,0.015199533913683411
2013-05-31,0.020136546713578493,0.01776782763591097
2013-06-07,0.04288699025703051,0.016492418696556987
2013-06-14,0.09970504745687618,0.35277897027126637
2013-06-21,0.061744188142934926,0.3080218137182509
2013-06-28,0.028659983372507917,0.14293190650760482
2013-07-05,0.017425154447995785,0.09106591874504748
2013-07-12,0.011464773080434375,0.07494616120843751
2013-07-19,0.006243955912863467,0.03810795990632818
2013-07-26,0.004756738757720462,0.022933919177573165
2013-08-02,0.0056468770485864316,0.016908172542569336
2013-08-09,0.010003953425323097,0.033025388780955164
2013-08-16,0.012162509246768673,0.021259628995393662
2013-08-23,0.02161011676838869,0.09314619319311168
2013-08-30,0.016350464256873438,0.08959956914332974
2013-09-06,0.010339058616779301,0.051685232266154936
2013-09-13,0.008411579441038495,0.059373993784451885
2013-09-20,0.004436746273776555,0.03134752543180699
2013-09-27,0.0030551198081095517,0.020171772394078722
2013-10-04,0.0029027252196458563,0.02051023615705451
2013-10-11,0.002491243855977191,0.01602138618278719
2013-10-18,0.002799655962198614,0.014949868700448336
2013-10-25,0.003938344804673384,0.02845968560492545
2013-11-01,0.0027447714665234805,0.019208485970466333
2013-11-08,0.002480217047473303,0.018214859896414942
2013-11-15,0.0021481010264750703,0.015454715587269317
2013-11-22,0.002124532964910275,0.014932330417244382
2013-11-29,0.0022229135954065626,0.014546624398726848
2013-12-06,0.002599217498100875,0.017671637380948752
2013-12-13,0.0025673896907380408,0.01782339533947856
2013-12-20,0.0024519450096494987,0.015480318789468157
2013-12-27,0.0028751331304550823,0.015130861366890899
2014-01-03,0.004061404312451103,0.014224397946077705
2014-01-10,0.0075407822098600905,0.015389759838561216
2014-01-17,0.01564799045152435,0.014423591086276662
2014-01-24,0.03762683646014229,0.01703560313116426
2014-01-31,0.08531843422721135,0.388893636756389
2014-02-07,0.03858088753383817,0.18713719938074866
2014-02-14,0.022362792253457112,0.11606834059436323
2014-02-21,0.013854950414780718,0.07164848968432229
2014-02-28,0.009864058066848718,0.058097438040156844
2014-03-07,0.006645430311818463,0.03013813507646869
2014-03-14,0.007182716393123631,0.032140455805983646
2014-03-21,0.007605079523884165,0.020799658402929685
2014-03-28,0.012335801017597008,0.024614064595644247
2014-04-04,0.019830779206548348,0.07901031930597897
2014-04-11,0.01641134919494032,0.10318099467430664
2014-04-18,0.008493488656943167,0.05913447041240287
2014-04-25,0.00458563431336553,0.030999270889099383
2014-05-02,0.0033819093031563167,0.01987828817423809
2014-05-09,0.003686504259607413,0.027459541449966346
2014-05-16,0.0024879088021814762,0.018571494292109622
2014-05-23,0.0020734768303798654,0.015430375710195659
2014-05-30,0.0019451750828630664,0.014170818034648742
2014-06-06,0.0019943299975971585,0.014403939788928413
2014-06-13,0.0020506303973966446,0.013797187108218183
2014-06-20,0.0023958249651596037,0.01411967357627036
2014-06-27,0.00320050173909594,0.021490969341705555
2014-07-04,0.0028724500604843653,0.020062357595285282
2014-07-11,0.002538760937931125,0.01655394610861087
2014-07-18,0.0027508332625257727,0.0166671498364529
2014-07-25,0.003223087834844499,0.01688458128394437
2014-08-01,0.00427370331923991,0.017065034242120178
2014-08-08,0.006685018884966053,0.018074286503891965
2014-08-15,0.011764670072647677,0.021522915376995324
2014-08-22,0.02059975514143205,0.05360321964303871
2014-08-29,0.022661667022941274,0.039695551082528965
2014-09-05,0.030304870567269257,0.02373799380926095
2014-09-12,0.055729166072553515,0.04093351465146075
2014-09-19,0.08125673943216055,0.02882907624917659
2014-09-26,0.14150541190782687,0.03317303415535774
2014-10-03,0.23430036386030612,0.2912629727107414
2014-10-10,0.22053289331753295,0.1485010901537463
2014-10-17,0.2378034369975703,0.6595389487431554
2014-10-24,0.11721873256377843,0.42893150800226315
2014-10-31,0.0644048832313471,0.21679598178927342
2014-11-07,0.04669047771051646,0.26246907110094775
2014-11-14,0.019872463526121636,0.12125603207291716
2014-11-21,0.010169028268466577,0.05597936041520704
2014-11-28,0.007419685112230758,0.03316237969907944
2014-12-05,0.007754245983341469,0.020682055332357605
2014-12-12,0.012710100731289524,0.07629330510319904
2014-12-19,0.0076633779165756625,0.05430666997920289
2014-12-26,0.004154959172384215,0.02869307872616788
2015-01-02,0.0030877581239686673,0.019905256522322876
2015-01-09,0.0030436541928740343,0.01577386199297692
2015-01-16,0.004240833827016007,0.014702148850911182
2015-01-23,0.007744859474426678,0.053619881183957274
2015-01-30,0.00437633100406121,0.03124651749895039
2015-02-06,0.00297002910939691,0.021631873640375287
2015-02-13,0.00236153947449228,0.016402497539635914
2015-02-20,0.002369812549176677,0.01465869622995376
2015-02-27,0.002941297822940346,0.014139547405354115
2015-03-06,0.00463254558621389,0.016399300461297873
2015-03-13,0.007845076538095196,0.014483211861904197
2015-03-20,0.01723444104714372,0.018406888710545632
2015-03-27,0.035367340696622486,0.18272319194720282
2015-04-03,0.019386854806816078,0.08315818359094163
2015-04-10,0.015155093271793832,0.09423310560257976
2015-04-17,0.008190947106061535,0.04468355572115109
2015-04-24,0.006539470191999148,0.02510114819247928
2015-05-01,0.00845522800808763,0.04382367316362999
2015-05-08,0.007102579147394329,0.04197303652324141
2015-05-15,0.005381831818827224,0.03504067884870496
2015-05-22,0.003940791754441847,0.028510817912367897
2015-05-29,0.0027388977082954194,0.019691421408127026
2015-06-05,0.0023438115981587026,0.015883708042952086
2015-06-12,0.0024807748240435485,0.01494243810342862
2015-06-19,0.003128107705044186,0.018059808401625545
2015-06-26,0.003665540915219402,0.01514057584126604
2015-07-03,0.006056819409698661,0.01890801181231145
2015-07-10,0.009915925437081733,0.03525680506796648
2015-07-17,0.011371875012413596,0.059451791529894535
2015-07-24,0.008509746541445488,0.030776519622236855
2015-07-31,0.010271662954476967,0.02029162505738749
2015-08-07,0.018291858810934453,0.021019173202033056
2015-08-14,0.034636715063674384,0.03719484476429503
2015-08-21,0.05074594146550353,0.07049895800514919
2015-08-28,0.058709021909619616,0.09447711303652548
2015-09-04,0.06203722973546114,0.3116927470985521
2015-09-11,0.028325333261566946,0.1456852319998453
2015-09-18,0.01664681113564217,0.0729727099767189
2015-09-25,0.013307904656839497,0.03988060172648568
2015-10-02,0.015528137745167961,0.0477949257973375
2015-10-09,0.016799625906804377,0.06691988697890912
2015-10-16,0.014566208857833112,0.03545413938118779
2015-10-23,0.0189644425801141,0.08142432132239183
2015-10-30,0.014900016950015199,0.039948443526216244
2015-11-06,0.01800908750589255,0.025202888751392066
2015-11-13,0.03035438054517642,0.023743534869143393
2015-11-20,0.055819215525909655,0.027275889552423896
2015-11-27,0.09854123406742946,0.01929440810853803
2015-12-04,0.2128658199417115,0.14797883918073745
2015-12-11,0.22913122772318653,0.1513395320751519
2015-12-18,0.24678548856143176,0.07237200037104577
2015-12-25,0.31504239814615076,0.059290262436320816
2016-01-01,0.42785875162269527,0.03916660307146647
2016-01-08,0.6715679253577327,0.45432117551552303
2016-01-15,0.6684558564770926,0.3561735554070768
2016-01-22,0.6822095423903594,0.8790144050714548
2016-01-29,0.49364631529932645,0.6330137151203045
2016-02-05,0.42789763583261203,0.44236929278485465
2016-02-12,0.4026191852334171,0.5844116745948351
2016-02-19,0.3392863775388617,0.5837879945796788
2016-02-26,0.26747928821571,0.5004762272731882
2016-03-04,0.21197074572341457,0.6358389417236175
2016-03-11,0.09959602950866048,0.4322653773487625
2016-03-18,0.044256689292758035,0.25357161265554873
2016-03-25,0.01861676168755092,0.1198795897009677
2016-04-01,0.008867018352512447,0.058202287996614845
2016-04-08,0.005244538526620459,0.03244317004207056
2016-04-15,0.004224230380484242,0.02727636296658893
2016-04-22,0.0035153871419837854,0.020339307664614396
2016-04-29,0.0038413283133040357,0.017765999221743885
2016-05-06,0.005398774270789384,0.027297936746748463
2016-05-13,0.00567305573043236,0.04066456163483753
2016-05-20,0.0033963827041020517,0.023549378733736255
2016-05-27,0.0027767090322063145,0.017526276880302012
2016-06-03,0.0030199894241288937,0.01615200629333309
2016-06-10,0.004045145211397861,0.01689473234262237
2016-06-17,0.006217337443363809,0.030377270031676718
2016-06-24,0.006370080365288479,0.0210008290397731
2016-07-01,0.009645585006236773,0.06374175364886979
2016-07-08,0.005471904186208267,0.03276933350860484
2016-07-15,0.004543905037872078,0.02497918216587751
2016-07-22,0.004663036422252638,0.017637297016755763
2016-07-29,0.007345197085833102,0.03733469067880577
2016-08-05,0.00667941389750209,0.04506227876705325
2016-08-12,0.004195426467636312,0.026076702525374047
2016-08-19,0.003732700984455554,0.02327546579924136
2016-08-26,0.0035091659265179273,0.018445551708388845
2016-09-02,0.004405813150709681,0.023309053306659493
2016-09-09,0.004838722782929236,0.027602271971117337
2016-09-16,0.0045696172020152585,0.029681232501827602
2016-09-23,0.0036231442740874945,0.019807024083166792
2016-09-30,0.004229255766554597,0.02071297705877046
2016-10-07,0.005244750697796681,0.021698058648575307
2016-10-14,0.007036699349518349,0.0204248429835925
2016-10-21,0.011314917288297303,0.01759239082472847
2016-10-28,0.022755585946973723,0.08717809527128917
2016-11-04,0.018747540255374513,0.12083041135316458
2016-11-11,0.008893452796499713,0.06322681904479868
2016-11-18,0.004528646023650582,0.03244739291692515
2016-11-25,0.0030025451733360665,0.02045695997509833
2016-12-02,0.002716837526959958,0.018030387281251357
2016-12-09,0.0027364023353293673,0.019972982138646386
2016-12-16,0.0022682562581475734,0.016041450263014723
2016-12-23,0.0022487661428686754,0.014814496659233792
2016-12-30,0.002577914429883542,0.017521886598256223
2017-01-06,0.002560272090504333,0.01858182205376241
2017-01-13,0.0022331498410749074,0.015284211481641982
2017-01-20,0.002389284537133828,0.01602130294910363
2017-01-27,0.002550472259253566,0.014392647241546073
2017-02-03,0.003505420382118454,0.022272222647591447
2017-02-10,0.0033028534438063603,0.02345233258837056
2017-02-17,0.002613777143506885,0.017378763533568438
2017-02-24,0.002684486719399711,0.015787422291938243
2017-03-03,0.0033501394499675734,0.02061813824524785
2017-03-10,0.003412462743613774,0.017264615713610067
2017-03-17,0.004585686772641077,0.029925404585751436
2017-03-24,0.003600676827536722,0.019787697063034397
2017-03-31,0.0041864354381151445,0.020721858732781137
2017-04-07,0.005151461286922149,0.021300754902989584
2017-04-14,0.006982315351781614,0.02141684439787773
2017-04-21,0.01074290810859745,0.020630505457007273
2017-04-28,0.01906609333273785,0.11208883286646873
2017-05-05,0.010470430301577585,0.07093318048701289
2017-05-12,0.005519862896543102,0.03588023402412346
2017-05-19,0.004008050299131901,0.028818121084945296
2017-05-26,0.0027982520380301014,0.01944926816737777
2017-06-02,0.002535012687004315,0.017254020060689775
2017-06-09,0.002536352346169094,0.016556479430251327
2017-06-16,0.0027442934429806718,0.018843437524744162
2017-06-23,0.0025753839836758557,0.018128203050398986
2017-06-30,0.0023872374908831574,0.017105331738088165
2017-07-07,0.002231496468229135,0.01473544710230068
2017-07-14,0.0025593192739886686,0.01862030526407348
2017-07-21,0.0022210384027318425,0.015330334623104232
2017-07-28,0.0023446488546134403,0.01482417712642055
2017-08-04,0.0028204375842257037,0.014077677047769228
2017-08-11,0.004339438899772625,0.028674907218121083
2017-08-18,0.0034235579787244112,0.019120162145445277
2017-08-25,0.004001667302364996,0.016874163264342566
2017-09-01,0.00612287473274512,0.019409457273796768
2017-09-08,0.009823673818560795,0.03856632571001667
2017-09-15,0.010366643643594763,0.07311315582720755
2017-09-22,0.005073316167534673,0.03621041083116797
2017-09-29,0.0032177374913807968,0.023535150650352072
2017-10-06,0.0024266308839397664,0.017883990394088382
2017-10-13,0.002112687446659647,0.015684402192446024
2017-10-20,0.0019695610226907975,0.014217671378935714
2017-10-27,0.002043865798144478,0.014039548683545872
2017-11-03,0.002297154482757229,0.014789188152680894
2017-11-10,0.0027103195589659413,0.015481622867526655
2017-11-17,0.00351938993005929,0.025816558491502443
2017-11-24,0.002515489172980772,0.017957378294642345
2017-12-01,0.0022965930421374762,0.015245054436126905
2017-12-08,0.0025612067090509155,0.016472707413424117
2017-12-15,0.0028294649619549396,0.014646025937826346
2017-12-22,0.004132206362354949,0.015532606746292638
2017-12-29,0.007042325745686456,0.014475748446005382
2018-01-05,0.015154292191917326,0.014301075217919495
2018-01-12,0.03656141563333863,0.01971747605250553
2018-01-19,0.07574521818960744,0.018514521509054492
2018-01-26,0.16673306419582093,0.015916207732929424
2018-02-02,0.40585831547797047,0.016627943585710025
2018-02-09,0.9670277498882264,0.9953186985435793
2018-02-16,0.38759054035984575,0.8103503479290337
2018-02-23,0.17227972974507474,0.5381647791369891
2018-03-02,0.09448754555809108,0.3854307937379767
2018-03-09,0.04935053600983276,0.22070983323474247
2018-03-16,0.02935782210097161,0.10283394828638315
2018-03-23,0.024307383663933386,0.10270230239322069
2018-03-30,0.018177320721514935,0.11490360038188654
2018-04-06,0.009019257709163196,0.060635646382872416
2018-04-13,0.005084125551416817,0.03474247322273582
2018-04-20,0.0035045438944261774,0.021459783071985213
2018-04-27,0.0035108155552058535,0.01923290864354136
2018-05-04,0.00415938007576175,0.019880511898749974
2018-05-11,0.005365714261039753,0.027728736689053485
2018-05-18,0.00550306744386285,0.019054553389149395
2018-05-25,0.008620937655933388,0.054518438483310984
2018-06-01,0.005477561730559037,0.03513836649513771
2018-06-08,0.004080112035329249,0.021769884426545795
2018-06-15,0.004614370656471754,0.01702191825358044
2018-06-22,0.007506971251555581,0.0338055102773461
2018-06-29,0.0077441774887908234,0.04974876506658807
2018-07-06,0.004992876449673236,0.029292207010017113
2018-07-13,0.004459736448086832,0.019334080082118975
2018-07-20,0.006210161557504196,0.031792103953095875
2018-07-27,0.006020129600048751,0.020267412541345724
2018-08-03,0.009217503428395082,0.06244620944663715
2018-08-10,0.005083980972666455,0.032132726480887615
2018-08-17,0.004013237386418978,0.02450482196048331
2018-08-24,0.003757928127408925,0.01777187646591147
2018-08-31,0.0052047496829500895,0.024813401908300108
2018-09-07,0.005979216023583678,0.034115578882976366
2018-09-14,0.00511796073640394,0.021112948886635192
2018-09-21,0.006978809668470462,0.01673570273766327
2018-09-28,0.01327175938470342,0.034527952675896215
2018-10-05,0.017152571704951464,0.02471940682921593
2018-10-12,0.029069849988564662,0.1413458942534547
2018-10-19,0.018126854808731663,0.07993353537106493
2018-10-26,0.014072539590805499,0.049597793155910605
2018-11-02,0.014239234255143795,0.03302060064154348
2018-11-09,0.019333561807444336,0.03682079249255315
2018-11-16,0.026209752528287195,0.044636285136324574
2018-11-23,0.033742720711418005,0.16045014327659485
2018-11-30,0.02075725241432836,0.10623368696095364
2018-12-07,0.013338012100895205,0.06596415612039803
2018-12-14,0.010097107218684303,0.033336352368189895
2018-12-21,0.012226063781901284,0.08081390686393465
2018-12-28,0.006390685783163088,0.03913487591874738
2019-01-04,0.00479664229583985,0.023631392804593677
2019-01-11,0.00552187318401594,0.04029488158207019
2019-01-18,0.0032228202099038195,0.023393773702080713
2019-01-25,0.002468328280201293,0.01712072570398023
2019-02-01,0.0024178332647797,0.014889140127720158
2019-02-08,0.0029857401340660904,0.0176144679043165
2019-02-15,0.0034771436269586693,0.022943524249864025
2019-02-22,0.0030802336276924734,0.02052673165982841
2019-03-01,0.0028641160935280272,0.01846059817466028
2019-03-08,0.0029487654068643065,0.015279878616893481
2019-03-15,0.004190472899613883,0.031014790263802827
2019-03-22,0.002691807077189618,0.01991481757321377
2019-03-29,0.002186374940878648,0.01588223004399055
2019-04-05,0.002094400750120388,0.014882570756896016
2019-04-12,0.0021612842801998393,0.014548775912772562
2019-04-19,0.0024387555678997506,0.014567621622073467
2019-04-26,0.0031513017336561597,0.014477079913465689
2019-05-03,0.005036212098877105,0.014905403915856097
2019-05-10,0.009666483761283736,0.05755712088127335
2019-05-17,0.006457613543774281,0.03659308092178113
2019-05-24,0.005397332067508056,0.030314180419165573
2019-05-31,0.004945712831180303,0.024906024568619428
2019-06-07,0.005454700829409145,0.02627219723084548
2019-06-14,0.006048127344315575,0.04137641918947984
2019-06-21,0.003857789024924006,0.02384958134109396
2019-06-28,0.003614748340763596,0.024170248534412624
2019-07-05,0.0030622769953280813,0.01959019587264798
2019-07-12,0.0030737120351535824,0.015656535724159374
2019-07-19,0.004359215193675874,0.016155937549517045
2019-07-26,0.007300783685180459,0.017585838287496658
2019-08-02,0.013472098191018012,0.017399875022763266
2019-08-09,0.02796157846648671,0.031664608940323816
2019-08-16,0.0435294898882579,0.21739838353841556
2019-08-23,0.02339698816773098,0.1330219947500304
2019-08-30,0.012695367787752742,0.06102612089951507
2019-09-06,0.010060861297534461,0.053915368962057585
2019-09-13,0.007618745427644352,0.032982839589598995
2019-09-20,0.008135723611295023,0.022618119273841622
2019-09-27,0.012561654322735882,0.020471679633736285
2019-10-04,0.023042212569429673,0.050078490527388414
2019-10-11,0.027161953650111953,0.02814915527397491
2019-10-18,0.04496300266893373,0.028810035908080418
2019-10-25,0.07636137020807644,0.019263463540944756
2019-11-01,0.16430126043890092,0.016012258954702895
2019-11-08,0.3984333120949318,0.025906064193619377
2019-11-15,0.7477243934164406,0.30766522990317324
2019-11-22,0.7788109914496439,0.14211226562240314
2019-11-29,0.8870071214615973,0.35471789042764046
2019-12-06,0.9211631597776864,0.9862628967507138
2019-12-13,0.45371774658414615,0.7931975481485813
2019-12-20,0.2825536991618898,0.5588654934872207
2019-12-27,0.2115616464709154,0.3410684949612194
2020-01-03,0.18617655518220458,0.3384329360764909
2020-01-10,0.1589619433948089,0.2228192204792611
2020-01-17,0.15063383833990307,0.14708135036058567
2020-01-24,0.15759889459343354,0.15987546558399043
2020-01-31,0.16238053233549754,0.07173235881971725
2020-02-07,0.2049367019153643,0.039285648714743875
2020-02-14,0.31851745432272294,0.037649449807984056
2020-02-21,0.5063570134315711,0.02342527490053415
2020-02-28,0.999988422159489,0.9998587296723976
2020-03-06,0.9951355254166971,0.8271027908943364
2020-03-13,1.0000000000000009,0.9999999999999993
2020-03-20,1.0000000000000009,1.0
2020-03-27,0.9999851307278222,0.9998849528631829
2020-04-03,0.9912102637450136,0.8214922194115014
2020-04-10,0.994807388635012,0.9940738360555468
2020-04-17,0.9246336489972268,0.8799792674374345
2020-04-24,0.8834115045093832,0.6276294123796794
2020-05-01,0.8808826243229048,0.45891544754492136
2020-05-08,0.8983160466716884,0.43520780481718047
2020-05-15,0.9206773576026939,0.9286014114784765
2020-05-22,0.8384146843811633,0.7835355615267209
2020-05-29,0.7966507992847989,0.7901958897458445
2020-06-05,0.739244428416838,0.5338345828014328
2020-06-12,0.7305343793691398,0.28409725811856545
2020-06-19,0.7656921942818665,0.93903857020313
2020-06-26,0.46858339025426515,0.7134696006421538
2020-07-03,0.3631376358562049,0.4657314581317954
2020-07-10,0.3263288402451622,0.2506141693304975
2020-07-17,0.32983472839150735,0.11554542094795621
2020-07-24,0.38106865097418413,0.09723637056089232
2020-07-31,0.45797152742322733,0.06742408113871097
2020-08-07,0.6029725489464107,0.42538913651858545
2020-08-14,0.5980809293711861,0.41430343475548015
2020-08-21,0.5946945185842482,0.3476286945788986
2020-08-28,0.6032996520979812,0.19790664367565358
2020-09-04,0.652871363707189,0.15226163189926353
2020-09-11,0.7334598162780919,0.623328810443316
2020-09-18,0.7081722584545598,0.3995554691331119
2020-09-25,0.7178103802109479,0.29222380781358387
2020-10-02,0.7497272997307013,0.18592710676095633
2020-10-09,0.8228670715171861,0.40033224013375823
2020-10-16,0.8431922312131865,0.2055737630384361
2020-10-23,0.9175030456585664,0.2502912043297352
2020-10-30,0.9812287290398775,0.9848341407965262
2020-11-06,0.882364068132091,0.9187693141033837
2020-11-13,0.7753371834936595,0.8874126522616921
2020-11-20,0.631862959190312,0.7502320929017516
2020-11-27,0.545603788067734,0.6983659695580768
2020-12-04,0.4640581156046178,0.4451729036709783
2020-12-11,0.4418092198809615,0.34168227521241806
2020-12-18,0.43750243922760035,0.1661426397727116
2020-12-25,0.47941267223442063,0.15848704346761272
2021-01-01,0.5308429570660512,0.0813877864827295
2021-01-08,0.6678956905970401,0.2698383955512375
2021-01-15,0.7007128561442115,0.8825435261831808
2021-01-22,0.5171909915335059,0.7944597371627974
2021-01-29,0.36563663142219405,0.5393438171247529
2021-02-05,0.3108404322797382,0.3674878244705996
2021-02-12,0.28943789932675396,0.20001362966670866
2021-02-19,0.30101221034068576,0.2577838390315974
2021-02-26,0.30041425909546526,0.7513790701381501
2021-03-05,0.12663776654180167,0.48553110319063947
2021-03-12,0.059981884583419506,0.26381542909481154
2021-03-19,0.034262112879868745,0.12047521082466808
2021-03-26,0.027346257463288084,0.16622249628711977
2021-04-02,0.012646621674187767,0.08117075011364636
2021-04-09,0.006877302774783869,0.040474745507337206
2021-04-16,0.005310734796680346,0.02618473932678985
2021-04-23,0.005801691065127141,0.018852952955615773
2021-04-30,0.009374948581930612,0.015813806212749495
2021-05-07,0.01982237933753043,0.02704274859841513
2021-05-14,0.03241040581882573,0.03278985624318215
2021-05-21,0.05027586002230888,0.020876883959196915
2021-05-28,0.10209797237111434,0.4443708812999967
2021-06-04,0.04399509280932276,0.25834427875303867
2021-06-11,0.01757015684502758,0.11894419549208358
2021-06-18,0.007749783430789664,0.05535659365365806
2021-06-25,0.004117243079091313,0.029337428920872717
2021-07-02,0.002889606733111671,0.020179659168809226
2021-07-09,0.002545929661320532,0.01755721311810636
2021-07-16,0.002476219247702239,0.01564926608104928
2021-07-23,0.0028808221075877797,0.015615019366335869
2021-07-30,0.003896191119585413,0.014193277341617117
2021-08-06,0.007123187595858905,0.04516280485019285
2021-08-13,0.0048456749246960345,0.027532753480517085
2021-08-20,0.004598803402164349,0.02705786010282303
2021-08-27,0.00425621416250815,0.02252988623448876
2021-09-03,0.0047567298475616,0.021541289257264413
2021-09-10,0.00608125167650843,0.02567661885422779
2021-09-17,0.007400129375233,0.03440148412387284
2021-09-24,0.007423630962054572,0.02454548942032981
2021-10-01,0.010354235906836541,0.017476595688570115
2021-10-08,0.0206340302760281,0.018069310565918345
2021-10-15,0.0435521367406852,0.015240470763722615
2021-10-22,0.1064880965539796,0.016620159118042162
2021-10-29,0.2513325028853367,0.03449489518959938
2021-11-05,0.412971867490899,0.048489888338609996
2021-11-12,0.600020429621189,0.18078005422314575
2021-11-19,0.656795121154125,0.5748304169254783
2021-11-26,0.630305839755761,0.729632373136021
2021-12-03,0.5535484874826709,0.5367556976855292
2021-12-10,0.5220512903527178,0.45367180477490643
2021-12-17,0.5039534852461417,0.24640831939599125
2021-12-24,0.5266291544215101,0.11149687163092872
2021-12-31,0.620132201091979,0.05262082738822827
2022-01-07,0.8804359431260101,0.3175865627326767
2022-01-14,0.9216221616608742,0.22326350207985263
2022-01-21,0.9965125727630427,0.873910776631923
2022-01-28,0.9998024972615751,0.9979079344754657
2022-02-04,0.9939776192337855,0.9726156989094711
2022-02-11,0.97881113830743,0.7905133346889303
2022-02-18,0.9801148114076762,0.8035697999239872
2022-02-25,0.9808443779320715,0.9944261009128981
2022-03-04,0.6994334172381009,0.808094742451645
2022-03-11,0.5991410916612283,0.9099818800610031
2022-03-18,0.26487369990351267,0.6773681455688884
2022-03-25,0.13892744122274606,0.4132602860387956
2022-04-01,0.09185459221549655,0.20167932558939256
2022-04-08,0.07976501101681771,0.09808883276324576
2022-04-15,0.0870196308118419,0.10266383544772625
2022-04-22,0.09457643610852541,0.05466991085093894
2022-04-29,0.1269781944238908,0.028991612800560243
2022-05-06,0.22301277820718923,0.024565674665022432
2022-05-13,0.42779074620427565,0.646467790778968
2022-05-20,0.3462218404028286,0.3775600338446296
2022-05-27,0.32611214255534293,0.18222209672039213
2022-06-03,0.3472754366931068,0.08204824444702023
2022-06-10,0.43287638609518775,0.04966393720893365
2022-06-17,0.6242319307831389,0.07295452922232759
2022-06-24,0.8081109552042929,0.1680959972589618
2022-07-01,0.8997935400474502,0.2534699293426137
2022-07-08,0.9606138872750657,0.37004179547820965
2022-07-15,0.9987974214204971,0.9510334977620167
2022-07-22,0.9999999452268555,0.9999999213532402
2022-07-29,0.9441848690797835,0.8197681235387138
2022-08-05,0.9297185223795765,0.604733829066286
2022-08-12,0.9367060824111344,0.3789525052816951
2022-08-19,0.9711645558574328,0.607550363664616
2022-08-26,0.9839881351956942,0.5926451871042077
2022-09-02,0.9997799819230362,0.9982558738269692
2022-09-09,0.9913163896852071,0.8954743823493816
2022-09-16,0.9897638398665183,0.9404560512042439
2022-09-23,0.9797244670296893,0.9131974274168915
2022-09-30,0.9660780125936266,0.9317381443915493
2022-10-07,0.9311472033379581,0.7104426768745408
2022-10-14,0.9277019771771232,0.9430297520812448
2022-10-21,0.8314306102621255,0.9422878808805105
2022-10-28,0.6056686646211796,0.819436621385166
2022-11-04,0.46080184118969636,0.5501262818628971
2022-11-11,0.414800148097797,0.5828590213292248
2022-11-18,0.35361695222031747,0.7341049154845869
2022-11-25,0.20805918420590763,0.4543398481319213
2022-12-02,0.15809895215269265,0.2917112219907931
2022-12-09,0.13701272949761154,0.3652791220848072
2022-12-16,0.09999756034648344,0.34897237732961867
2022-12-23,0.06281033134972851,0.3180599639249709
2022-12-30,0.028021692231335573,0.17503593172635573
2023-01-06,0.012183548849016188,0.08116052632674409
2023-01-13,0.006287661617225838,0.03912554166078463
2023-01-20,0.004635335987798803,0.023119155083762284
2023-01-27,0.005349623002377844,0.020322820645666893
2023-02-03,0.007762209123733671,0.04457711101686411
2023-02-10,0.005911959062955238,0.028088754341805126
2023-02-17,0.006406045906816564,0.025705945024000428
2023-02-24,0.008006441020624607,0.027388843440509642
2023-03-03,0.010443242961437504,0.018801583245796442
2023-03-10,0.019741320897383056,0.12254974356419177
2023-03-17,0.009836948011905287,0.057899118427743465
2023-03-24,0.006639718142267475,0.03923980032141906
2023-03-31,0.005170748278566409,0.02385303193422117
2023-04-07,0.006193507794783299,0.034618880252687584
2023-04-14,0.005369537110636636,0.022866653087566004
2023-04-21,0.0068968809015657745,0.04316771502852071
2023-04-28,0.004850706541319491,0.02939859366198215
2023-05-05,0.004182915359551869,0.0295797877985247
2023-05-12,0.0029579890641574244,0.01936012876094831
2023-05-19,0.0029083891860891167,0.015986371803713748
2023-05-26,0.0038315484234052863,0.014752179286250666
2023-06-02,0.006665857314035816,0.015611217328994394
2023-06-09,0.013294251222179587,0.014603992164530882
2023-06-16,0.031210881934168024,0.07648502242217128
2023-06-23,0.031568676685481335,0.041209816635820885
2023-06-30,0.043508743963113036,0.034048031462518884
2023-07-07,0.06786298912121258,0.02224876756057083
2023-07-14,0.13430305954988003,0.29706501164619326
2023-07-21,0.10999174095071232,0.1379550770225492
2023-07-28,0.11277124082582955,0.27576192575510544
2023-08-04,0.09019395891886176,0.20777246105209482
2023-08-11,0.07687497867929408,0.11339690238383678
2023-08-18,0.07952536467426272,0.20073609115999977
2023-08-25,0.06614246779937769,0.13940950650497613
2023-09-01,0.06148116111062131,0.06671032423363484
2023-09-08,0.07436995388363463,0.03720518746755594
2023-09-15,0.11484442646551114,0.030421652645082245
2023-09-22,0.1968059055617023,0.0728338009027871
2023-09-29,0.24909650389763863,0.03588705342304058
2023-10-06,0.40259767136288294,0.03817693447889553
2023-10-13,0.6379003155542755,0.1935894613351869
2023-10-20,0.6934843625621789,0.2936810434698528
2023-10-27,0.7227436165310304,0.8667235666625216
2023-11-03,0.5766890422578612,0.785014174638245
2023-11-10,0.45250554763289147,0.8321777329058637
2023-11-17,0.22932413721695669,0.5682289941057241
2023-11-24,0.14824870754685346,0.314719554174941
2023-12-01,0.12200875882951122,0.15333683582981045
2023-12-08,0.12314061571937054,0.06987018440060988
2023-12-15,0.1546245164285071,0.08551434849557478
2023-12-22,0.18547153453312173,0.0419203255411636
2023-12-29,0.28061256405920965,0.08353920232014156
2024-01-05,0.34645062314415304,0.3224833320281637
2024-01-12,0.33711224297811226,0.35213217841625605
2024-01-19,0.32113402681698294,0.2409732568144
2024-01-26,0.3262670966871219,0.1217671528453843
2024-02-02,0.37298077506410343,0.2240065354546357
2024-02-09,0.3877507864924319,0.2882240682018487
2024-02-16,0.38919126314386876,0.14737105064102993
2024-02-23,0.4327632240997521,0.11208614390855959
2024-03-01,0.5068866609794801,0.053559170352960574
2024-03-08,0.7144628337316663,0.0659069013058085
2024-03-15,0.9508734991517447,0.6055533316661569
2024-03-22,0.960879818755828,0.8152756249524375
2024-03-29,0.9534504244989123,0.5567797642672735
2024-04-05,0.9681426383694085,0.9885076596297471
2024-04-12,0.7429851755047273,0.7977293895651448
2024-04-19,0.6642836247768366,0.8894793860119671
2024-04-26,0.44279561584879484,0.7832450590192931
2024-05-03,0.27847400877413014,0.6834518266254973
2024-05-10,0.1514501784359768,0.425377684547394
2024-05-17,0.10280026343170924,0.44655599816369596
2024-05-24,0.04421204508873048,0.24455441843590964
2024-05-31,0.01998570823434939,0.12970352489488218
2024-06-07,0.009154031053945674,0.058856262787786176
2024-06-14,0.0055413789127135024,0.03135204373522485
2024-06-21,0.004965747804434896,0.02219683536270108
2024-06-28,0.006297856089404603,0.024924390964074006
2024-07-05,0.008049307901688382,0.022995835061776652
2024-07-12,0.012217750691352622,0.025157454603378808
2024-07-19,0.01930440774500728,0.06578348040230905
2024-07-26,0.018136659350687603,0.07506515443934557
2024-08-02,0.014895679446468666,0.037201772860544685
2024-08-09,0.018890039524122854,0.08266217550475627
2024-08-16,0.01460419547800666,0.0944146915191551
2024-08-23,0.00748402057619317,0.05244099736292418
2024-08-30,0.004187107024270648,0.028623651719904823
2024-09-06,0.0031599764205246586,0.021954183800094805
2024-09-13,0.002675763553440869,0.019689122894366768
2024-09-20,0.0022072564077628247,0.016010764248570557
2024-09-27,0.0021085830528859506,0.014334096575546755
2024-10-04,0.002371295573492797,0.017221095446556606
2024-10-11,0.0021622585288248904,0.014776151237690084
2024-10-18,0.0023683186145872955,0.015466231779106665
2024-10-25,0.0026709300935882515,0.019249367087341
2024-11-01,0.0023071969187653495,0.015529128059953563
2024-11-08,0.0024988058926740117,0.01768802217785498
2024-11-15,0.0023311886629185834,0.01609195436253542
2024-11-22,0.002387468472781629,0.016014108280813285
2024-11-29,0.0025482167745334884,0.01603954078323921
2024-12-06,0.0029331402537460475,0.01436259787181586
2024-12-13,0.004516560252093387,0.015073162146563387
2024-12-20,0.008246214223603499,0.058069888476029105
2024-12-27,0.004402625180001742,0.030131539335479362
2025-01-03,0.0032357301017138292,0.0217041198453679
2025-01-10,0.0028924110297436734,0.017109665272034606
2025-01-17,0.003418099436773939,0.02006852385741944
2025-01-24,0.003710144370577469,0.016181389114885862
2025-01-31,0.005711587053153836,0.014641873975350734
2025-02-07,0.01157509346466076,0.0212139442941121
2025-02-14,0.020417132310855273,0.06394049972401557
2025-02-21,0.020011239308107505,0.03249179487535539
2025-02-28,0.02938159826345571,0.03065738834872582
2025-03-07,0.0467769492956416,0.2486730683868184
2025-03-14,0.02216722133720896,0.13151606111746433
2025-03-21,0.011464281445763072,0.07068233376325986
2025-03-28,0.006866106778742175,0.035345401413565236
2025-04-04,0.006326425806777185,0.0235540589555748
2025-04-11,0.00856882240403069,0.039883703711789106
2025-04-18,0.008080526791734679,0.023560597330998835
2025-04-25,0.01203418184998175,0.0172090614220448
2025-05-02,0.024809310794850575,0.10776463759630658
2025-05-09,0.018011476245992513,0.07797997359116474
2025-05-16,0.014244557419980687,0.0939083035169094
2025-05-23,0.00710856767662181,0.05084619940271896
2025-05-30,0.0038951440896079336,0.027669672061713436
2025-06-06,0.00282738342765794,0.01909214446372976
2025-06-13,0.0026931299194009055,0.01875936754142631
2025-06-20,0.0024837518849914727,0.015508906508591377
2025-06-27,0.002945130594016897,0.019325326020550745
2025-07-04,0.002889610669279458,0.016125675542105908
2025-07-11,0.003737107376971849,0.0258611004337759
2025-07-18,0.0029172975721255814,0.019506787323656315
2025-07-25,0.002780026073780217,0.01729826256701511
2025-08-01,0.003096198610739504,0.020478950082597928
2025-08-08,0.0029103824336252984,0.020779178186110532
2025-08-15,0.0024412961836072274,0.01608684109847865
2025-08-22,0.002657454564066327,0.01441456577183108
2025-08-29,0.0037761520562933776,0.027525902768844212
2025-09-05,0.002638940724039464,0.01861041828453775
2025-09-12,0.0024020282092768602,0.015900069532662774
2025-09-19,0.002618761505137391,0.016095242359218182
2025-09-26,0.0030874516947682036,0.015406511460260584
2025-10-03,0.0044895732311010786,0.022164559470924244
2025-10-10,0.005337160274082211,0.03655126833772395
2025-10-17,0.003585480769497014,0.02319873338069115
2025-10-24,0.003234921030555125,0.020298855254071442
2025-10-31,0.0032536923548024707,0.016780717767153716
2025-11-07,0.004383047725417213,0.02209094193395597
2025-11-14,0.005141707815035966,0.01907680866152666
2025-11-21,0.007812445310221928,0.030995291928860854
2025-11-28,0.008994169007690775,0.05867595348380901
2025-12-05,0.005347903638566276,0.034540668614590556
2025-12-12,0.003980772156818956,0.02147002007059383
2025-12-19,0.004495587507655076,0.03256905685578457
2025-12-26,0.0029233135391744563,0.020878645007697053
2026-01-02,0.002444296504854838,0.01629568674479917
2026-01-09,0.002601295143118451,0.019157838538209203
2026-01-16,0.00217704944634452,0.015514762820521314
2026-01-23,0.002178939449163921,0.015555617346524407
2026-01-30,0.0021715189549436245,0.014194807773925053
2026-02-06,0.0025826395030721094,0.017692345331169188
2026-02-13,0.002523348554824668,0.01563892557346229
2026-02-20,0.0030010336427792285,0.014922323671683906
2026-02-27,0.00446267001752575,0.01816362803847437
2026-03-06,0.006665443549114658,0.023554014774143775
2026-03-13,0.009239134040026343,0.05123213527746463
2026-03-20,0.006907992565796233,0.02750770060531897
2026-03-27,0.008388158949766241,0.04013170653709311
2026-04-03,0.007744062109830139,0.035639313848466234
2026-04-10,0.00770352954523257,0.03133918776125426
2026-04-17,0.008710714614341248,0.05656254559320044
2026-04-24,0.00528092920549448,0.03464556553557946
2026-05-01,0.0038493483426345404,0.021476826609090848
2026-05-08,0.004221156045423932,0.02384302600988151
2026-05-15,0.004330425174843078,0.026201688212872762
2026-05-22,0.003957214062002118,0.020357757216752734
2026-05-29,0.0047785173149415775,0.025679415251033053
2026-06-05,0.004930566403354415,0.031497170271538436
2026-06-12,0.0038790290155992337,0.021049382362039702
2026-06-19,0.004405483021411631,0.02733427530768328
2026-06-26,0.00383613785032539,0.019215236849345507
2026-07-03,0.004880996799742918,0.01636564967623347
2026-07-10,0.008461185129272393,0.014714690001623534
2026-07-17,0.018601016916260343,0.04437810017999448
2026-07-24,0.022339241456165157,0.02682731587352235
2026-07-31,0.03723832766074332,0.15482424180680604
2026-08-07,0.025580969610616577,0.16192225291541004
2026-08-14,0.011230878842361012,0.07332165360966798
2026-08-21,0.006173120648779606,0.03725907672877632
2026-08-28,0.004805523191074142,0.026915353810664455
2026-09-04,0.004672823923452125,0.018421685236763637
2026-09-11,0.007036355932436723,0.0338563959814902
2026-09-18,0.0069434086507800755,0.02102973193119643
2026-09-25,0.010835230706402521,0.01673334205338368
2026-10-02,0.022459488131871146,0.022459488131871146
