fecha,prob_turbulento_oos
2006-10-06,0.3997386316767259
2006-10-13,0.35256351723499957
2006-10-20,0.2943651781416592
2006-10-27,0.2409500326804277
2006-11-03,0.8613559625543479
2006-11-10,0.8201476225584
2006-11-17,0.5208526745100238
2006-11-24,0.32056289178229924
2006-12-01,0.26202296749736165
2006-12-08,0.6411698550938456
2006-12-15,0.5547136104297465
2006-12-22,0.4857581125547668
2006-12-29,0.3031659711796532
2007-01-05,0.35838397261550026
2007-01-12,1.0
2007-01-19,0.9999911677869421
2007-01-26,0.9659881156301666
2007-02-02,0.9961326074158228
2007-02-09,0.9999995958709693
2007-02-16,0.5838016842233351
2007-02-23,0.9999999643351501
2007-03-02,0.9999999999999998
2007-03-09,0.9999999726157055
2007-03-16,0.8179726683672256
2007-03-23,0.999999999961671
2007-03-30,0.9768624714260673
2007-04-06,0.9972338227553778
2007-04-13,0.6028604702285676
2007-04-20,0.3502976549773223
2007-04-27,0.2553536862421696
2007-05-04,0.9606917049640247
2007-05-11,0.4858591245080937
2007-05-18,0.9990690760439815
2007-05-25,0.6938659657409745
2007-06-01,0.42150785245831335
2007-06-08,0.34191623554736517
2007-06-15,0.8168557557717804
2007-06-22,0.9902211481890907
2007-06-29,0.9998786162741439
2007-07-06,0.9997039879563058
2007-07-13,0.9985928395012894
2007-07-20,0.7403037334647932
2007-07-27,0.9999731470576851
2007-08-03,1.0000000000000002
2007-08-10,0.9925344632006001
2007-08-17,0.9999999999999999
2007-08-24,0.9947889622893944
2007-08-31,0.889670499475346
2007-09-07,0.8634611719229506
2007-09-14,0.9999999999814623
2007-09-21,0.9999999753091867
2007-09-28,0.7832071113183112
2007-10-05,0.8774338852108012
2007-10-12,0.8598807027184014
2007-10-19,0.6225959648645821
2007-10-26,0.9990303783608382
2007-11-02,0.9740577896902961
2007-11-09,1.0000000000000002
2007-11-16,0.9999999995586086
2007-11-23,1.0
2007-11-30,0.9998069117419168
2007-12-07,0.9646842483362523
2007-12-14,0.9999999999999999
2007-12-21,1.0
2007-12-28,0.9997929529418909
2008-01-04,0.9999991228070763
2008-01-11,1.0
2008-01-18,1.0
2008-01-25,1.0
2008-02-01,0.9436833220437043
2008-02-08,0.9992557660144596
2008-02-15,0.9999496987470317
2008-02-22,0.9273554378246335
2008-02-29,0.8156690348234733
2008-03-07,1.0000000000000004
2008-03-14,0.9999999999998668
2008-03-21,0.9999999882892179
2008-03-28,0.9981070986870555
2008-04-04,0.9961720829897673
2008-04-11,0.9117764981245549
2008-04-18,0.9999982998758816
2008-04-25,0.9766316269496603
2008-05-02,0.5923870745519548
2008-05-09,0.31788203397795783
2008-05-16,0.21301983229759786
2008-05-23,0.2202815443298496
2008-05-30,0.29071584149349494
2008-06-06,0.9995580535922632
2008-06-13,0.9999999999999999
2008-06-20,0.9963209590601513
2008-06-27,0.9998012069034083
2008-07-04,0.9999999999999999
2008-07-11,0.9999942135218614
2008-07-18,0.9999996126727093
2008-07-25,0.5715371210341031
2008-08-01,0.2920248073765337
2008-08-08,0.9999999999999905
2008-08-15,1.0
2008-08-22,0.9999999931072947
2008-08-29,0.9772532131478745
2008-09-05,0.9999999999999999
2008-09-12,1.0
2008-09-19,1.0
2008-09-26,0.8197891987450676
2008-10-03,0.9999862577345516
2008-10-10,0.9999999999999998
2008-10-17,0.8573626281744826
2008-10-24,0.9999997852387964
2008-10-31,0.7654884637866572
2008-11-07,0.9253375608398461
2008-11-14,0.9990677952437381
2008-11-21,0.9999999999966714
2008-11-28,0.9996962728586413
2008-12-05,0.9994582895232215
2008-12-12,0.9902947403807967
2008-12-19,0.4184464844020289
2008-12-26,0.9714420461038258
2009-01-02,0.470099708802212
2009-01-09,0.1525814774707112
2009-01-16,0.9998538762505869
2009-01-23,0.6513947536468514
2009-01-30,0.3618648545690921
2009-02-06,0.1141639471893726
2009-02-13,0.09629294959907918
2009-02-20,0.38784770859363005
2009-02-27,0.8453103873863267
2009-03-06,0.9919203972271946
2009-03-13,0.588580268077142
2009-03-20,0.737813776827668
2009-03-27,0.5482587466079812
2009-04-03,0.18440148603890524
2009-04-10,0.08356607602462666
2009-04-17,0.23929494998836393
2009-04-24,0.1423876710227131
2009-05-01,0.05287457451506673
2009-05-08,0.7060393794560548
2009-05-15,0.49092764671212485
2009-05-22,0.5091928372046863
2009-05-29,0.16160544127715845
2009-06-05,0.13196704661569802
2009-06-12,0.050425844377280864
2009-06-19,0.9997907155652719
2009-06-26,0.601585772323878
2009-07-03,0.19626540388797928
2009-07-10,0.4858315281521768
2009-07-17,0.39500068635024477
2009-07-24,0.25297739525459906
2009-07-31,0.08188313329695643
2009-08-07,0.04137058024702514
2009-08-14,0.038105714550265075
2009-08-21,0.14899042866885298
2009-08-28,0.05632333137603485
2009-09-04,0.1466780944007143
2009-09-11,0.34443744742715565
2009-09-18,0.11159047197555581
2009-09-25,0.09592098487195436
2009-10-02,0.06895917612350312
2009-10-09,0.11496736800208748
2009-10-16,0.11347590914188084
2009-10-23,0.22165048893679754
2009-10-30,0.9721730806764557
2009-11-06,0.7879167969942674
2009-11-13,0.49043629122837645
2009-11-20,0.3382879043456761
2009-11-27,0.18894091825839887
2009-12-04,0.19889705722931697
2009-12-11,0.3555361566401416
2009-12-18,0.15633476505257624
2009-12-25,0.07501843919309857
2010-01-01,0.0393560300589902
2010-01-08,0.03698247890908539
2010-01-15,0.0203165051622909
2010-01-22,0.09094682682346727
2010-01-29,0.08156990186639068
2010-02-05,0.035703669162594286
2010-02-12,0.0485797563977914
2010-02-19,0.04212806913237553
2010-02-26,0.12884045605945546
2010-03-05,0.057856613524559675
2010-03-12,0.09626054852291482
2010-03-19,0.04099201969260163
2010-03-26,0.028248780674073666
2010-04-02,0.017215817667697836
2010-04-09,0.014355796431455705
2010-04-16,0.015829012947460412
2010-04-23,0.05634437497888176
2010-04-30,0.03225920345168867
2010-05-07,0.9957071029444782
2010-05-14,0.9370991038232321
2010-05-21,0.9888374740299136
2010-05-28,0.9788080476427253
2010-06-04,0.8420144939680577
2010-06-11,0.6543009656137031
2010-06-18,0.609697441649195
2010-06-25,0.31555789857549504
2010-07-02,0.7998374814820681
2010-07-09,0.6889519719343002
2010-07-16,0.4595479089323614
2010-07-23,0.2366052792823078
2010-07-30,0.14757201637552486
2010-08-06,0.0656714327846847
2010-08-13,0.7644381292756383
2010-08-20,0.49621376599694783
2010-08-27,0.75430190741354
2010-09-03,0.6310852547594871
2010-09-10,0.3429214364229437
2010-09-17,0.21732903771051398
2010-09-24,0.10054165618195429
2010-10-01,0.04284886741059325
2010-10-08,0.029775300008334775
2010-10-15,0.023278240522307498
2010-10-22,0.021348140460901305
2010-10-29,0.018392606036526624
2010-11-05,0.03235798063247129
2010-11-12,0.04277524797740173
2010-11-19,0.1335447310522621
2010-11-26,0.06951452994287308
2010-12-03,0.03884502543346812
2010-12-10,0.050253092105339625
2010-12-17,0.03476060094061611
2010-12-24,0.027154957738033333
2010-12-31,0.020414933728804145
2011-01-07,0.2802470058991779
2011-01-14,0.16159831676264508
2011-01-21,0.1109053654883816
2011-01-28,0.11368301994058462
2011-02-04,0.1750057522805289
2011-02-11,0.6979862969587007
2011-02-18,0.42940298436725155
2011-02-25,0.7142478206203564
2011-03-04,0.6108424115690401
2011-03-11,0.3956627352621908
2011-03-18,0.43193439921336263
2011-03-25,0.5381834196358674
2011-04-01,0.3208800595911824
2011-04-08,0.16534118283724666
2011-04-15,0.23235137152719235
2011-04-22,0.09935809294571266
2011-04-29,0.06684649619841221
2011-05-06,0.1023373636052013
2011-05-13,0.04953958390184693
2011-05-20,0.03530115680312412
2011-05-27,0.03302750213876608
2011-06-03,0.0222995219116848
2011-06-10,0.06258041262228717
2011-06-17,0.3543706841478096
2011-06-24,0.15871634356531966
2011-07-01,0.09798792247293892
2011-07-08,0.045320967212476956
2011-07-15,0.2034106989247228
2011-07-22,0.08807834398496198
2011-07-29,0.1849350146045542
2011-08-05,0.9989485562703253
2011-08-12,0.9977610076113164
2011-08-19,0.8231011675408898
2011-08-26,0.7062607376728004
2011-09-02,0.9080020514767732
2011-09-09,0.9015429766720041
2011-09-16,0.7966796404699569
2011-09-23,0.9822599457283606
2011-09-30,0.7776509800592456
2011-10-07,0.6922724152985955
2011-10-14,0.6810098092147836
2011-10-21,0.39857956647740445
2011-10-28,0.7726609023177671
2011-11-04,0.6141954359117469
2011-11-11,0.5160017382230733
2011-11-18,0.29315978458720954
2011-11-25,0.9819671892857292
2011-12-02,0.9930925613305496
2011-12-09,0.9100062207661628
2011-12-16,0.9108383185839425
2011-12-23,0.723422115792065
2011-12-30,0.4867378479167996
2012-01-06,0.24654704754428838
2012-01-13,0.11134338002125109
2012-01-20,0.06036457864221459
2012-01-27,0.033150879762728944
2012-02-03,0.02675000234912807
2012-02-10,0.02048092219638112
2012-02-17,0.022640517058422516
2012-02-24,0.02051500008175993
2012-03-02,0.018460140435032947
2012-03-09,0.02582852664628011
2012-03-16,0.020497264270122464
2012-03-23,0.03735746784047171
2012-03-30,0.02583842026717363
2012-04-06,0.028193385937039107
2012-04-13,0.03778621944451066
2012-04-20,0.025980755109376693
2012-04-27,0.024721393902876115
2012-05-04,0.023660019193235036
2012-05-11,0.1405179620567771
2012-05-18,0.5262470906091823
2012-05-25,0.378075576106967
2012-06-01,0.2096204234066391
2012-06-08,0.23150652545839842
2012-06-15,0.10731337912214163
2012-06-22,0.05150128906749789
2012-06-29,0.03054572913224632
2012-07-06,0.03102122967034665
2012-07-13,0.17893811797700077
2012-07-20,0.0857101043807832
2012-07-27,0.16451510027247704
2012-08-03,0.07608549840314338
2012-08-10,0.043447622852011834
2012-08-17,0.029590326213336692
2012-08-24,0.033137746463912834
2012-08-31,0.0489698188096072
2012-09-07,0.028510200448376294
2012-09-14,0.028980137165937794
2012-09-21,0.021253829932031818
2012-09-28,0.02284552290019691
2012-10-05,0.02007014845992498
2012-10-12,0.02583781337681811
2012-10-19,0.02233818427464364
2012-10-26,0.032984355126347474
2012-11-02,0.027309753894562406
2012-11-09,0.034284761245655354
2012-11-16,0.05208385015123516
2012-11-23,0.0309816137706024
2012-11-30,0.0231921885695903
2012-12-07,0.01890219302966429
2012-12-14,0.018003397744634855
2012-12-21,0.021346491124610737
2012-12-28,0.018793774865989363
2013-01-04,0.023644827735303863
2013-01-11,0.019057182033278004
2013-01-18,0.017407382566156905
2013-01-25,0.017474858032529867
2013-02-01,0.016754285637861716
2013-02-08,0.017003771097593223
2013-02-15,0.016700257260351452
2013-02-22,0.030591015440488367
2013-03-01,0.02173304443827936
2013-03-08,0.018354445432825352
2013-03-15,0.020872230573980185
2013-03-22,0.030595427981044573
2013-03-29,0.02227126831004672
2013-04-05,0.03737114346444008
2013-04-12,0.024497538897606884
2013-04-19,0.06282764585697367
2013-04-26,0.045361837077107156
2013-05-03,0.027657533960207197
2013-05-10,0.025272143997951028
2013-05-17,0.019688811582529928
2013-05-24,0.017574511405701272
2013-05-31,0.022942640489522104
2013-06-07,0.0219790992211921
2013-06-14,0.38597858078041725
2013-06-21,0.36053518236954896
2013-06-28,0.17856227176601278
2013-07-05,0.12441778735836864
2013-07-12,0.08245688454060472
2013-07-19,0.041948568162863645
2013-07-26,0.025946307900670217
2013-08-02,0.020005945501480882
2013-08-09,0.042988016506341584
2013-08-16,0.02830910145976244
2013-08-23,0.12017762233271861
2013-08-30,0.12380768432512267
2013-09-06,0.06420136637094527
2013-09-13,0.05651447641721109
2013-09-20,0.03156644850003354
2013-09-27,0.01952206641183058
2013-10-04,0.021942958920753874
2013-10-11,0.017158459777916905
2013-10-18,0.0153174048212875
2013-10-25,0.024490186598695875
2013-11-01,0.017874431431986925
2013-11-08,0.019032413542473023
2013-11-15,0.016562223450941174
2013-11-22,0.015207926193520611
2013-11-29,0.014589853529118794
2013-12-06,0.019234002423401106
2013-12-13,0.01998784086476017
2013-12-20,0.01719851901072688
2013-12-27,0.016839761058548477
2014-01-03,0.015015633102377794
2014-01-10,0.01688884948796598
2014-01-17,0.015768642930731713
2014-01-24,0.01664387070043186
2014-01-31,0.3836608770241907
2014-02-07,0.188736085394706
2014-02-14,0.10706395505365529
2014-02-21,0.061370102160952886
2014-02-28,0.04562590120219085
2014-03-07,0.02606528329047545
2014-03-14,0.03243471896666645
2014-03-21,0.021951407485118528
2014-03-28,0.027591582601812853
2014-04-04,0.06314482390735088
2014-04-11,0.09458993827810724
2014-04-18,0.05151732987230812
2014-04-25,0.028188820950358108
2014-05-02,0.01932318746397295
2014-05-09,0.029691994101770106
2014-05-16,0.019861377605065622
2014-05-23,0.01662540782041914
2014-05-30,0.015195806855046498
2014-06-06,0.01467071393047549
2014-06-13,0.014192878424527279
2014-06-20,0.014211646776894835
2014-06-27,0.023603826268511596
2014-07-04,0.019837476230600316
2014-07-11,0.017443616145450085
2014-07-18,0.016406016310779332
2014-07-25,0.016105809846956868
2014-08-01,0.018047760242297886
2014-08-08,0.020051669351326386
2014-08-15,0.020572579688076485
2014-08-22,0.04141785790188335
2014-08-29,0.030399509166186507
2014-09-05,0.020186498111557274
2014-09-12,0.04143348399804521
2014-09-19,0.031318760618222835
2014-09-26,0.03686412076717048
2014-10-03,0.3423583120966469
2014-10-10,0.18772834401005684
2014-10-17,0.7513935558408558
2014-10-24,0.5164686136523724
2014-10-31,0.2863739983299865
2014-11-07,0.29680257000087396
2014-11-14,0.138276484968354
2014-11-21,0.06265353112474221
2014-11-28,0.03416017302945919
2014-12-05,0.020823814890289494
2014-12-12,0.08594654473489644
2014-12-19,0.06458060518370018
2014-12-26,0.03249657439914165
2015-01-02,0.02175338283263083
2015-01-09,0.016090168431392916
2015-01-16,0.014107739019119825
2015-01-23,0.04264400822185013
2015-01-30,0.027573782377222713
2015-02-06,0.019045912388465754
2015-02-13,0.015100599881967502
2015-02-20,0.014049283380468645
2015-02-27,0.013838282230514094
2015-03-06,0.016774357008460094
2015-03-13,0.014340649036107957
2015-03-20,0.016467765180820715
2015-03-27,0.19851955885550887
2015-04-03,0.0896630019384552
2015-04-10,0.0869266144037082
2015-04-17,0.04128975361121742
2015-04-24,0.023420940199354603
2015-05-01,0.046545334782333574
2015-05-08,0.047465665919970465
2015-05-15,0.040843431160545854
2015-05-22,0.028699546563863813
2015-05-29,0.01893836823521352
2015-06-05,0.015520152518382527
2015-06-12,0.014875896039184792
2015-06-19,0.018790847699344127
2015-06-26,0.01495752326861653
2015-07-03,0.01970437654040849
2015-07-10,0.03924333781978698
2015-07-17,0.05358968760660032
2015-07-24,0.02813852847296658
2015-07-31,0.018578283394330784
2015-08-07,0.01823775702518412
2015-08-14,0.03808957032212008
2015-08-21,0.07992332399085719
2015-08-28,0.11593347944621146
2015-09-04,0.39331958132420813
2015-09-11,0.19706070156183497
2015-09-18,0.10296476631383261
2015-09-25,0.03726008656307829
2015-10-02,0.04423830624242152
2015-10-09,0.05243996443114275
2015-10-16,0.0287315387137778
2015-10-23,0.05601097117933601
2015-10-30,0.028949915159620396
2015-11-06,0.018514889714696076
2015-11-13,0.01880816930212253
2015-11-20,0.019982082359392805
2015-11-27,0.01501218619926116
2015-12-04,0.11955293005748646
2015-12-11,0.1286595502594153
2015-12-18,0.060340697743559574
2015-12-25,0.05135906575190194
2016-01-01,0.031772678203459914
2016-01-08,0.39136850728382033
2016-01-15,0.3173839682921038
2016-01-22,0.8579518083847669
2016-01-29,0.6272521522195615
2016-02-05,0.4579375389356019
2016-02-12,0.6102928320405204
2016-02-19,0.5802960661171843
2016-02-26,0.5169746455763609
2016-03-04,0.609778730403381
2016-03-11,0.42858071836548645
2016-03-18,0.2465907526914834
2016-03-25,0.11561652897334818
2016-04-01,0.05684329315846092
2016-04-08,0.031180547193030077
2016-04-15,0.023102253616567897
2016-04-22,0.017252855253697772
2016-04-29,0.014983927503205988
2016-05-06,0.023136444022989554
2016-05-13,0.029908894615109254
2016-05-20,0.018058002353461087
2016-05-27,0.013551149410802144
2016-06-03,0.01234756202777154
2016-06-10,0.013595345516149705
2016-06-17,0.02518600498483654
2016-06-24,0.017586978589841554
2016-07-01,0.05371642908654455
2016-07-08,0.02786149505050607
2016-07-15,0.019854855811767595
2016-07-22,0.014117010045771962
2016-07-29,0.02610212442521508
2016-08-05,0.03465474585673523
2016-08-12,0.020797469681545465
2016-08-19,0.017595127798862797
2016-08-26,0.013953107000221522
2016-09-02,0.016759955764998006
2016-09-09,0.021721316624704536
2016-09-16,0.024455610059922136
2016-09-23,0.015633567555101167
2016-09-30,0.0165090851456814
2016-10-07,0.016019323775656277
2016-10-14,0.01578110056201662
2016-10-21,0.013228147529209065
2016-10-28,0.0645839238154044
2016-11-04,0.09228676326855917
2016-11-11,0.047382786836935635
2016-11-18,0.024707166117982002
2016-11-25,0.015778765753746773
2016-12-02,0.014207798962815616
2016-12-09,0.01587544812380587
2016-12-16,0.012717230298613746
2016-12-23,0.011394025611016169
2016-12-30,0.013740869223525522
2017-01-06,0.01373027336883349
2017-01-13,0.01162265729092369
2017-01-20,0.012500676195678425
2017-01-27,0.011222092972171787
2017-02-03,0.017481947672110653
2017-02-10,0.017102586855469566
2017-02-17,0.013227652835897441
2017-02-24,0.011853022828384924
2017-03-03,0.014605597569215771
2017-03-10,0.012516652505457717
2017-03-17,0.020016474938101325
2017-03-24,0.014341556443824037
2017-03-31,0.01466410771546014
2017-04-07,0.016125377038057647
2017-04-14,0.016746036193777708
2017-04-21,0.016396442042827766
2017-04-28,0.06959140077676625
2017-05-05,0.04338925017186511
2017-05-12,0.02381423593066806
2017-05-19,0.020900800529394005
2017-05-26,0.014451410129821115
2017-06-02,0.012720371870044073
2017-06-09,0.012756593056467744
2017-06-16,0.014809626975963299
2017-06-23,0.014405006774083746
2017-06-30,0.013640894685680811
2017-07-07,0.01155300847875836
2017-07-14,0.013558734943422336
2017-07-21,0.01160360475840297
2017-07-28,0.011502498326431064
2017-08-04,0.010784869047194643
2017-08-11,0.02216656091195222
2017-08-18,0.014990028107679982
2017-08-25,0.013369118710170692
2017-09-01,0.015443875945914806
2017-09-08,0.03030837519403824
2017-09-15,0.0490349696178983
2017-09-22,0.026145742612267067
2017-09-29,0.016937082170248315
2017-10-06,0.012857386376157867
2017-10-13,0.011534674017285218
2017-10-20,0.010433493301211908
2017-10-27,0.010156252219188002
2017-11-03,0.010537689963577606
2017-11-10,0.011387632194809743
2017-11-17,0.01951514404276484
2017-11-24,0.013444629672965855
2017-12-01,0.011205461641350396
2017-12-08,0.012308679377763372
2017-12-15,0.010880672753241189
2017-12-22,0.011621799171515077
2017-12-29,0.010776963519874012
2018-01-05,0.010384001730180552
2018-01-12,0.0136968038818502
2018-01-19,0.012871405387691192
2018-01-26,0.011242908311817639
2018-02-02,0.01222338851917524
2018-02-09,0.9927903998256504
2018-02-16,0.849172863278965
2018-02-23,0.6147650603869443
2018-03-02,0.4742792836526124
2018-03-09,0.28430975054192453
2018-03-16,0.1359535030475427
2018-03-23,0.13270465939206963
2018-03-30,0.1449025709164798
2018-04-06,0.0728129469663469
2018-04-13,0.0391380264848311
2018-04-20,0.021351732348406285
2018-04-27,0.0170052496719304
2018-05-04,0.015421269284870934
2018-05-11,0.019689148521751694
2018-05-18,0.013927427907719312
2018-05-25,0.04149327971186832
2018-06-01,0.027450778113034032
2018-06-08,0.01663867544559095
2018-06-15,0.012920684426106235
2018-06-22,0.02601596789161189
2018-06-29,0.039291585701030335
2018-07-06,0.02250188450056014
2018-07-13,0.014609246373231933
2018-07-20,0.02206721081785084
2018-07-27,0.014564726060781151
2018-08-03,0.04725097177895284
2018-08-10,0.02462947549742591
2018-08-17,0.01902009591857768
2018-08-24,0.013387204573710874
2018-08-31,0.017395282367668158
2018-09-07,0.02536584332470801
2018-09-14,0.01581516442025036
2018-09-21,0.01568612401605641
2018-09-28,0.035541905794071474
2018-10-05,0.025272353607773964
2018-10-12,0.16484966426803843
2018-10-19,0.09592696919071612
2018-10-26,0.059683919751805946
2018-11-02,0.0385580066924406
2018-11-09,0.03839953898529213
2018-11-16,0.048731433753607944
2018-11-23,0.19412657223003899
2018-11-30,0.12426266071236979
2018-12-07,0.07898852693036423
2018-12-14,0.03775307679848884
2018-12-21,0.09691013339553323
2018-12-28,0.04491364813395944
2019-01-04,0.024983203019490703
2019-01-11,0.03902261057021881
2019-01-18,0.02222911455903979
2019-01-25,0.01595282773144249
2019-02-01,0.013873209560187404
2019-02-08,0.017024930674333517
2019-02-15,0.021048702433095933
2019-02-22,0.01963327944930713
2019-03-01,0.017887565655389785
2019-03-08,0.014450083685199212
2019-03-15,0.0281926579921372
2019-03-22,0.018263597343951492
2019-03-29,0.014682982309029506
2019-04-05,0.013550162977793587
2019-04-12,0.013547992177972801
2019-04-19,0.013713023315275059
2019-04-26,0.01326047580224627
2019-05-03,0.013469514865797269
2019-05-10,0.06095543121467019
2019-05-17,0.03901381609419882
2019-05-24,0.032399746720223055
2019-05-31,0.024523582046877393
2019-06-07,0.026693669382997505
2019-06-14,0.03933794708399452
2019-06-21,0.022363598878194068
2019-06-28,0.023770045661886487
2019-07-05,0.018337320611566066
2019-07-12,0.01454653132320393
2019-07-19,0.015387242639672775
2019-07-26,0.016063820434027924
2019-08-02,0.016517514718007095
2019-08-09,0.03249780628676425
2019-08-16,0.2567478627523354
2019-08-23,0.15430738715717263
2019-08-30,0.07045439021820946
2019-09-06,0.05772214277852739
2019-09-13,0.03334710282271252
2019-09-20,0.018856753460247344
2019-09-27,0.016350546668139756
2019-10-04,0.042814857045937356
2019-10-11,0.0233488516627882
2019-10-18,0.02308105964777713
2019-10-25,0.015203059186129481
2019-11-01,0.01246377062390278
2019-11-08,0.019998023904071585
2019-11-15,0.26261360704231157
2019-11-22,0.11913381339228325
2019-11-29,0.3140074358175892
2019-12-06,0.9877417029303643
2019-12-13,0.8198488429168433
2019-12-20,0.6068137810492146
2019-12-27,0.39193746573957494
2020-01-03,0.3858150536867517
2020-01-10,0.2567740919234041
2020-01-17,0.16795322374216373
2020-01-24,0.18755987111496134
2020-01-31,0.08315428430717826
2020-02-07,0.043246032451370944
2020-02-14,0.03692362719040001
2020-02-21,0.02149463432345429
2020-02-28,0.9999038283279631
2020-03-06,0.8496957299023653
2020-03-13,0.9999999999999994
2020-03-20,1.0
2020-03-27,0.9999163020534464
2020-04-03,0.8448952658416738
2020-04-10,0.9953921311057718
2020-04-17,0.8968700620932848
2020-04-24,0.6684654346926099
2020-05-01,0.5018433044599565
2020-05-08,0.4943980228308519
2020-05-15,0.9523123700342795
2020-05-22,0.8275527433059938
2020-05-29,0.8301890344765136
2020-06-05,0.5920149126620378
2020-06-12,0.33458449393516515
2020-06-19,0.9537792101788701
2020-06-26,0.757793840673122
2020-07-03,0.5192414367879045
2020-07-10,0.29504255183850153
2020-07-17,0.13782823367394414
2020-07-24,0.11657911402471174
2020-07-31,0.07963903796917422
2020-08-07,0.45755069393536746
2020-08-14,0.44551954460231724
2020-08-21,0.39054702004819314
2020-08-28,0.22588228827380857
2020-09-04,0.1791494629155666
2020-09-11,0.6962699798374615
2020-09-18,0.198095186877016
2020-09-25,0.13004854223867196
2020-10-02,0.07194738952318136
2020-10-09,0.17534266165338322
2020-10-16,0.07293476797938395
2020-10-23,0.09748698599056733
2020-10-30,0.9556763137169969
2020-11-06,0.8711859599012146
2020-11-13,0.8243056847442052
2020-11-20,0.638418220397529
2020-11-27,0.5517684455345928
2020-12-04,0.29145603783459273
2020-12-11,0.20156969981039333
2020-12-18,0.0832884534875902
2020-12-25,0.07917083882169494
2021-01-01,0.03734270485522299
2021-01-08,0.1360961977284216
2021-01-15,0.7273956608188132
2021-01-22,0.6205669706692675
2021-01-29,0.338379872351783
2021-02-05,0.18840334062248654
2021-02-12,0.08487483892348431
2021-02-19,0.11683610044835574
2021-02-26,0.5363541643968293
2021-03-05,0.2649765247173896
2021-03-12,0.1161649818929126
2021-03-19,0.046415727711689767
2021-03-26,0.07277632171640942
2021-04-02,0.03321500950215399
2021-04-09,0.018038437464728444
2021-04-16,0.013944963749357973
2021-04-23,0.011336500458769057
2021-04-30,0.010485383153367656
2021-05-07,0.01924417749896208
2021-05-14,0.02329507643380397
2021-05-21,0.01432512693848782
2021-05-28,0.32459459961584847
2021-06-04,0.16269171954774103
2021-06-11,0.06462674551608304
2021-06-18,0.028278936618671816
2021-06-25,0.01573708024977649
2021-07-02,0.012215849942449387
2021-07-09,0.011668793481328073
2021-07-16,0.010643806814544757
2021-07-23,0.011022545640135557
2021-07-30,0.01003731292276255
2021-08-06,0.030493729431835873
2021-08-13,0.018134503897915984
2021-08-20,0.01839446396869418
2021-08-27,0.014898026771728672
2021-09-03,0.01481117006091567
2021-09-10,0.017119149571730007
2021-09-17,0.025330009573118397
2021-09-24,0.017970359008226952
2021-10-01,0.012829711476178979
2021-10-08,0.013721140949276893
2021-10-15,0.011489643554143093
2021-10-22,0.012361090350351697
2021-10-29,0.02647764411640688
2021-11-05,0.03376601781313231
2021-11-12,0.12967978106477554
2021-11-19,0.41876505967833033
2021-11-26,0.5759091701233174
2021-12-03,0.36632834811326226
2021-12-10,0.2690868285803431
2021-12-17,0.12253305935911629
2021-12-24,0.0498797967168693
2021-12-31,0.024364434557794395
2022-01-07,0.19395003449855147
2022-01-14,0.1246186992807962
2022-01-21,0.7593605575243854
2022-01-28,0.9954132826188256
2022-02-04,0.9588285074612812
2022-02-11,0.7311060490072547
2022-02-18,0.7348532936835308
2022-02-25,0.9907548864690142
2022-03-04,0.759553571863969
2022-03-11,0.8748521017944992
2022-03-18,0.5857560794041752
2022-03-25,0.3034073754674006
2022-04-01,0.12613414242888346
2022-04-08,0.054801231717372244
2022-04-15,0.05886050764305609
2022-04-22,0.031048860952390702
2022-04-29,0.01735443735406248
2022-05-06,0.0164769046269927
2022-05-13,0.5478237964376386
2022-05-20,0.27313679874068686
2022-05-27,0.11271568330712062
2022-06-03,0.04616767030011702
2022-06-10,0.028599770415136838
2022-06-17,0.04570305690438992
2022-06-24,0.09886620161938733
2022-07-01,0.13863798460542281
2022-07-08,0.1942868046783622
2022-07-15,0.857261238959849
2022-07-22,0.9999997601181019
2022-07-29,0.7781990545716845
2022-08-05,0.5247230859074319
2022-08-12,0.2903108628690983
2022-08-19,0.4564452373488308
2022-08-26,0.4300273364879407
2022-09-02,0.9960238816992295
2022-09-09,0.8672564995734544
2022-09-16,0.9248231335217592
2022-09-23,0.8962532752198544
2022-09-30,0.919154199449435
2022-10-07,0.6682862465032773
2022-10-14,0.9304470785553497
2022-10-21,0.9257257266636292
2022-10-28,0.7865667264393796
2022-11-04,0.49345608456051027
2022-11-11,0.5235066197762609
2022-11-18,0.6625629529195569
2022-11-25,0.3705889430545493
2022-12-02,0.2242958835707948
2022-12-09,0.2893640803872419
2022-12-16,0.2750309512107397
2022-12-23,0.24833732386892557
2022-12-30,0.13020820023751808
2023-01-06,0.05953066248237635
2023-01-13,0.030161981212982913
2023-01-20,0.01971962491731609
2023-01-27,0.019350137319045405
2023-02-03,0.04516813384452749
2023-02-10,0.02833843830060101
2023-02-17,0.026319295513603215
2023-02-24,0.028364291198017026
2023-03-03,0.01917389527134291
2023-03-10,0.12757701187625747
2023-03-17,0.05840100136297439
2023-03-24,0.039352679584798114
2023-03-31,0.023902719569877988
2023-04-07,0.03372753702105554
2023-04-14,0.022666898253926895
2023-04-21,0.044302084286686916
2023-04-28,0.029986318011456847
2023-05-05,0.030468004924685356
2023-05-12,0.019715995318547966
2023-05-19,0.016463635872854716
2023-05-26,0.01533848986593294
2023-06-02,0.016391561039941008
2023-06-09,0.015132282365520666
2023-06-16,0.07436512932277323
2023-06-23,0.03973909905738336
2023-06-30,0.03355879908909349
2023-07-07,0.02219490299390295
2023-07-14,0.27806112554104134
2023-07-21,0.12325667719103853
2023-07-28,0.23518037362195696
2023-08-04,0.16622637852259453
2023-08-11,0.08883894454481124
2023-08-18,0.1664488138988207
2023-08-25,0.11432531900556481
2023-09-01,0.05345601846562507
2023-09-08,0.03071138739765014
2023-09-15,0.02455625689182495
2023-09-22,0.06060200489960703
2023-09-29,0.03019868795837715
2023-10-06,0.032921321420588304
2023-10-13,0.15926361603208833
2023-10-20,0.236717630415317
2023-10-27,0.8073318357017568
2023-11-03,0.7143600751683143
2023-11-10,0.7653764371204238
2023-11-17,0.47992577254113267
2023-11-24,0.24380750825095304
2023-12-01,0.11254777923381191
2023-12-08,0.05083767475264166
2023-12-15,0.06323725628792323
2023-12-22,0.03189231964395479
2023-12-29,0.06498241839247955
2024-01-05,0.2554048331199405
2024-01-12,0.26904821165252146
2024-01-19,0.17496301562595648
2024-01-26,0.08479399092264366
2024-02-02,0.15667590449118224
2024-02-09,0.1989180424940434
2024-02-16,0.09623383754937317
2024-02-23,0.0730807759201363
2024-03-01,0.03624124791804409
2024-03-08,0.04753840210149849
2024-03-15,0.5021931445064409
2024-03-22,0.7253027641877592
2024-03-29,0.44649395433148725
2024-04-05,0.9785000348435376
2024-04-12,0.7670873760719924
2024-04-19,0.8621000212609411
2024-04-26,0.741416751320927
2024-05-03,0.6240356768605768
2024-05-10,0.3624577669672314
2024-05-17,0.3710005777035511
2024-05-24,0.18988230786230978
2024-05-31,0.0970173334065217
2024-06-07,0.04407570062829816
2024-06-14,0.02478481784306668
2024-06-21,0.018780309032057612
2024-06-28,0.02187334922843005
2024-07-05,0.020763589040073985
2024-07-12,0.022988123371588294
2024-07-19,0.057373567559482266
2024-07-26,0.06432511319724235
2024-08-02,0.03198305598043179
2024-08-09,0.07050399242856127
2024-08-16,0.07773588548560961
2024-08-23,0.043183403743809516
2024-08-30,0.02428354746896899
2024-09-06,0.01931923017776699
2024-09-13,0.019261504539747974
2024-09-20,0.016191131262211063
2024-09-27,0.014726975764634553
2024-10-04,0.017277302988025694
2024-10-11,0.01511439289888885
2024-10-18,0.015701368541164565
2024-10-25,0.019630737644575298
2024-11-01,0.015972265754271728
2024-11-08,0.017741436699255077
2024-11-15,0.016476743128490613
2024-11-22,0.01654231392811638
2024-11-29,0.016316895503747434
2024-12-06,0.014809758402764425
2024-12-13,0.015647983615657057
2024-12-20,0.055535704290649746
2024-12-27,0.029041058312083735
2025-01-03,0.021468657719326247
2025-01-10,0.017147897446829034
2025-01-17,0.019703836058065603
2025-01-24,0.01638126220796948
2025-01-31,0.014976440600275344
2025-02-07,0.021562893453860227
2025-02-14,0.060545126971441016
2025-02-21,0.03102709428824708
2025-02-28,0.02962325963523481
2025-03-07,0.2143463411855709
2025-03-14,0.10991675245932622
2025-03-21,0.05775602730082091
2025-03-28,0.03019510001910464
2025-04-04,0.02165732956689926
2025-04-11,0.03725151297575753
2025-04-18,0.022540526812450903
2025-04-25,0.017119269760814418
2025-05-02,0.0906353387420072
2025-05-09,0.06535936507648749
2025-05-16,0.07403660409579267
2025-05-23,0.04138433256000737
2025-05-30,0.02413074941887007
2025-06-06,0.018038244860666554
2025-06-13,0.018150390876329206
2025-06-20,0.015627535580770614
2025-06-27,0.019046520381016983
2025-07-04,0.016194979710186297
2025-07-11,0.0247277964467041
2025-07-18,0.01902322123570499
2025-07-25,0.017442732112164516
2025-08-01,0.02011851253306023
2025-08-08,0.020242040636184882
2025-08-15,0.01616984886674985
2025-08-22,0.014799912525848564
2025-08-29,0.026312602726074972
2025-09-05,0.01835366062045196
2025-09-12,0.01636172168738665
2025-09-19,0.016771512954135398
2025-09-26,0.01613666360633925
2025-10-03,0.02258158053506512
2025-10-10,0.03726478467220679
2025-10-17,0.02362521053074616
2025-10-24,0.020943534058326725
2025-10-31,0.017319718760617275
2025-11-07,0.0229231602054613
2025-11-14,0.01988298333655479
2025-11-21,0.032053612137441734
2025-11-28,0.05747190169533273
2025-12-05,0.034252350556889695
2025-12-12,0.02169055386971668
2025-12-19,0.033170171993733684
2025-12-26,0.021342523985828334
2026-01-02,0.016867720441943793
2026-01-09,0.019580731273750655
2026-01-16,0.01606293982746011
2026-01-23,0.01625491976470989
2026-01-30,0.014839499901678785
2026-02-06,0.018531156764557334
2026-02-13,0.01627807533580282
2026-02-20,0.015499923509217606
2026-02-27,0.01862119673178505
2026-03-06,0.024336385541012494
2026-03-13,0.05213491125551194
2026-03-20,0.028035932645770603
2026-03-27,0.04082165924488776
2026-04-03,0.035479966599891145
2026-04-10,0.030928321347716982
2026-04-17,0.05408860911139196
2026-04-24,0.03379399633351611
2026-05-01,0.021484890471861924
2026-05-08,0.023808909521269142
2026-05-15,0.02664944222716478
2026-05-22,0.0209692158688521
2026-05-29,0.02588565419297022
2026-06-05,0.03204371727265362
2026-06-12,0.021632939962673126
2026-06-19,0.027455448648237166
2026-06-26,0.01951446711132812
2026-07-03,0.01692313039305877
2026-07-10,0.015280610704056459
2026-07-17,0.0453766819987758
2026-07-24,0.027270678176608228
2026-07-31,0.15189271470379798
2026-08-07,0.15168482398972033
2026-08-14,0.0682124352040495
2026-08-21,0.03535630071847601
2026-08-28,0.026022005495320133
2026-09-04,0.01840960829268156
2026-09-11,0.033925378612700396
2026-09-18,0.02107703467730038
2026-09-25,0.016760010660514538
2026-10-02,0.02255958360997503
